-- phpMyAdmin SQL Dump
-- version 4.8.3
-- https://www.phpmyadmin.net/
--
-- Host: 127.0.0.1
-- Generation Time: Sep 05, 2022 at 05:25 AM
-- Server version: 10.1.36-MariaDB
-- PHP Version: 7.0.32

SET SQL_MODE = "NO_AUTO_VALUE_ON_ZERO";
SET AUTOCOMMIT = 0;
START TRANSACTION;
SET time_zone = "+00:00";


/*!40101 SET @OLD_CHARACTER_SET_CLIENT=@@CHARACTER_SET_CLIENT */;
/*!40101 SET @OLD_CHARACTER_SET_RESULTS=@@CHARACTER_SET_RESULTS */;
/*!40101 SET @OLD_COLLATION_CONNECTION=@@COLLATION_CONNECTION */;
/*!40101 SET NAMES utf8mb4 */;

--
-- Database: `tabulation_datacenter`
--

-- --------------------------------------------------------

--
-- Table structure for table `tabs_candidates`
--

CREATE TABLE `tabs_candidates` (
  `tabs_can_id` int(11) NOT NULL,
  `tabs_can_number` int(11) NOT NULL,
  `tabs_can_name` text NOT NULL,
  `tabs_can_desc` text NOT NULL,
  `tabs_can_created` datetime NOT NULL,
  `tabs_event_id` int(11) NOT NULL
) ENGINE=InnoDB DEFAULT CHARSET=latin1;

--
-- Dumping data for table `tabs_candidates`
--

INSERT INTO `tabs_candidates` (`tabs_can_id`, `tabs_can_number`, `tabs_can_name`, `tabs_can_desc`, `tabs_can_created`, `tabs_event_id`) VALUES
(1, 1, 'Miss Aplaya', 'Miss Aplaya', '2022-08-31 17:04:49', 5),
(2, 2, 'Miss Balabag', 'Miss Balabag', '2022-08-31 17:20:42', 5),
(5, 3, 'Miss Binaton', 'Miss Binaton', '2022-09-01 11:06:07', 3),
(6, 4, 'Miss Cogon', 'Miss Cogon', '2022-09-01 11:06:29', 3),
(7, 5, 'Miss Colorado', 'Miss Colorado', '2022-09-01 11:07:06', 3),
(8, 6, 'Miss Dawis', 'Miss Dawis', '2022-09-01 11:07:25', 3),
(9, 7, 'Miss Dulangan', 'Miss Dulangan', '2022-09-01 11:07:52', 3),
(10, 8, 'Miss Goma', 'Miss Goma', '2022-09-01 11:08:25', 3),
(11, 9, 'Miss Igpit', 'Miss Igpit', '2022-09-01 11:09:05', 3),
(12, 10, 'Miss Kapatagan', 'Miss Kapatagan', '2022-09-01 11:09:29', 3),
(13, 11, 'Miss Kiagot', 'Miss Kiagot', '2022-09-01 11:10:26', 3),
(14, 12, 'Miss Lungag', 'Miss Lungag', '2022-09-01 11:11:03', 3),
(15, 13, 'Miss Mahayahay', 'Miss Mahayahay', '2022-09-01 11:11:40', 5),
(16, 14, 'Miss Matti', 'Miss Matti', '2022-09-01 11:14:10', 3),
(17, 15, 'Miss Ruparan', 'Miss Ruparan', '2022-09-01 11:14:45', 3),
(18, 16, 'Miss San Agustin', 'Miss San Agustin', '2022-09-01 11:15:23', 6),
(19, 19, 'Miss San Roque', 'Miss San Roque', '2022-09-01 11:15:50', 6),
(20, 20, 'Miss Sinaliwan', 'Miss Sinaliwan', '2022-09-01 11:16:41', 3),
(21, 21, 'Miss Soong', 'Miss Soong', '2022-09-01 11:17:26', 3),
(22, 22, 'Miss Tiguman', 'Miss Tiguman', '2022-09-01 11:17:44', 3),
(23, 23, 'Miss Tres de Mayo', 'Miss Tres de Mayo', '2022-09-01 11:18:06', 5),
(24, 17, 'Miss San Jose', 'Miss San Jose', '2022-09-01 11:24:25', 6),
(25, 18, 'Miss San Miguel', 'Miss San Miguel', '2022-09-01 11:24:50', 3),
(26, 24, 'Miss Zone 1', 'Miss Zone 1', '2022-09-01 11:25:12', 6),
(27, 25, 'Miss Zone 2', 'Miss Zone 2', '2022-09-01 11:25:28', 6),
(28, 26, 'Miss Zone 3', 'Miss Zone 3', '2022-09-01 11:25:46', 5);

-- --------------------------------------------------------

--
-- Table structure for table `tabs_categories`
--

CREATE TABLE `tabs_categories` (
  `tabs_cat_id` int(11) NOT NULL,
  `tabs_cat_title` text NOT NULL,
  `tabs_cat_percentage` double NOT NULL,
  `tabs_cat_status` int(1) NOT NULL,
  `tabs_event_id` int(11) NOT NULL
) ENGINE=InnoDB DEFAULT CHARSET=latin1;

--
-- Dumping data for table `tabs_categories`
--

INSERT INTO `tabs_categories` (`tabs_cat_id`, `tabs_cat_title`, `tabs_cat_percentage`, `tabs_cat_status`, `tabs_event_id`) VALUES
(5, 'Casual / Production', 23.3, 1, 3),
(6, 'Swimwear', 23.3, 1, 3),
(7, 'Modern Filipiñana / Gown', 23.4, 1, 3),
(9, 'Closed Door Interview', 30, 1, 3),
(10, 'Q & A', 20, 0, 4),
(11, 'Final Interview', 100, 1, 5),
(12, 'Preliminary Interview', 100, 1, 6);

-- --------------------------------------------------------

--
-- Table structure for table `tabs_criterias`
--

CREATE TABLE `tabs_criterias` (
  `tabs_cri_id` int(11) NOT NULL,
  `tabs_cri_title` text NOT NULL,
  `tabs_cri_desc` text NOT NULL,
  `tabs_cri_score_min` int(11) NOT NULL,
  `tabs_cri_score_max` int(11) NOT NULL,
  `tabs_cri_percentage` double NOT NULL,
  `tabs_cat_id` int(11) NOT NULL
) ENGINE=InnoDB DEFAULT CHARSET=latin1;

--
-- Dumping data for table `tabs_criterias`
--

INSERT INTO `tabs_criterias` (`tabs_cri_id`, `tabs_cri_title`, `tabs_cri_desc`, `tabs_cri_score_min`, `tabs_cri_score_max`, `tabs_cri_percentage`, `tabs_cat_id`) VALUES
(3, 'Pronunciation', '', 5, 10, 0, 1),
(4, 'Delivery', '', 5, 10, 0, 1),
(5, 'Thought', '', 5, 10, 0, 1),
(7, 'Casual', 'Beauty of the face / Bearing / Poise and Projection / Suitability of the Attire', 5, 10, 0, 5),
(8, 'Modern Filipiñana ', 'Beauty of the face / Bearing / Poise and Projection / Suitability of the Attire', 5, 10, 0, 7),
(9, 'Swimwear', 'Beauty of the face / Bearing / Poise and Projection / Suitability of the Attire', 5, 10, 0, 6),
(10, 'Gown', 'Beauty of the face / Bearing / Poise and Projection / Suitability of the Attire', 5, 10, 0, 8),
(11, 'Preliminary Interview', 'Beauty of the face / Bearing / Poise and Projection / Suitability of the Attire', 5, 10, 0, 9),
(14, 'Q & A', 'Beauty / Intelligence', 5, 10, 0, 11),
(15, 'Preliminary Interview', 'Communication Skills / Content / Delivery', 5, 10, 0, 12);

-- --------------------------------------------------------

--
-- Table structure for table `tabs_events`
--

CREATE TABLE `tabs_events` (
  `tabs_event_id` int(11) NOT NULL,
  `tabs_event_title` text NOT NULL,
  `tabs_event_desc` text NOT NULL,
  `tabs_event_year` text NOT NULL,
  `tabs_event_status` int(1) NOT NULL,
  `tabs_event_created` datetime NOT NULL,
  `tabs_event_updated` datetime NOT NULL
) ENGINE=InnoDB DEFAULT CHARSET=latin1;

--
-- Dumping data for table `tabs_events`
--

INSERT INTO `tabs_events` (`tabs_event_id`, `tabs_event_title`, `tabs_event_desc`, `tabs_event_year`, `tabs_event_status`, `tabs_event_created`, `tabs_event_updated`) VALUES
(3, 'Mutya ng Digos 2022', 'mutya ng digos 2022', '2022', 1, '2022-08-31 15:57:15', '2022-09-01 10:13:02'),
(4, 'Sinag ng Digos 2022', 'sinag ng digos 2022', '2022', 0, '2022-09-01 09:59:18', '2022-09-01 09:59:18'),
(5, 'Mutya ng Digos 2022 TOP 5', 'top 5', '2022', 1, '2022-09-04 16:09:58', '2022-09-04 16:09:58'),
(6, 'Mutya ng Digos 2022 TOP 10', 'top 10', '2022', 1, '2022-09-04 18:36:27', '2022-09-04 18:36:51');

-- --------------------------------------------------------

--
-- Table structure for table `tabs_my_project`
--

CREATE TABLE `tabs_my_project` (
  `tabs_project` int(1) NOT NULL,
  `tabs_project_name` text NOT NULL,
  `tabs_project_address` text NOT NULL,
  `tabs_system_title` text NOT NULL,
  `tabs_year_origin` datetime NOT NULL
) ENGINE=InnoDB DEFAULT CHARSET=latin1 ROW_FORMAT=COMPACT;

--
-- Dumping data for table `tabs_my_project`
--

INSERT INTO `tabs_my_project` (`tabs_project`, `tabs_project_name`, `tabs_project_address`, `tabs_system_title`, `tabs_year_origin`) VALUES
(1, 'UM Tabulation Team', 'Digos City', '', '2022-08-31 11:27:07');

-- --------------------------------------------------------

--
-- Table structure for table `tabs_notification`
--

CREATE TABLE `tabs_notification` (
  `tabs_notif_id` int(100) NOT NULL,
  `tabs_notif_type` text NOT NULL,
  `tabs_notif_text` text NOT NULL,
  `tabs_notif_date` datetime NOT NULL
) ENGINE=InnoDB DEFAULT CHARSET=latin1 ROW_FORMAT=COMPACT;

--
-- Dumping data for table `tabs_notification`
--

INSERT INTO `tabs_notification` (`tabs_notif_id`, `tabs_notif_type`, `tabs_notif_text`, `tabs_notif_date`) VALUES
(1, 'auth', 'Login Notification by kent john', '2022-06-11 03:06:40'),
(2, 'auth', 'Login Notification by kent john', '2022-06-11 03:06:47'),
(3, 'auth', 'Login Notification by kent john', '2022-06-11 03:08:16'),
(4, 'auth', 'Logout by kent john', '2022-06-11 15:44:21'),
(5, 'auth', 'Login Attempt - asdasd', '2022-07-23 19:00:35'),
(6, 'auth', 'Login Attempt - asdad', '2022-07-23 19:00:41'),
(7, 'auth', 'Login Attempt - kjohn0319@gmail.com', '2022-07-23 19:01:11'),
(8, 'auth', 'Login Attempt - kjohn0319@gmail.com', '2022-07-23 19:01:19'),
(9, 'auth', 'Login Attempt - kjohn0319@gmail.com', '2022-07-23 19:02:40'),
(10, 'auth', 'Login - kjohn0319@gmail.com', '2022-07-23 19:06:05'),
(11, 'auth', 'Login - kjohn0319@gmail.com', '2022-07-24 14:11:33'),
(12, 'auth', 'Logout - root', '2022-07-24 14:35:43'),
(13, 'auth', 'Login - kjohn0319@gmail.com', '2022-07-24 14:35:49'),
(14, 'auth', 'Login - kjohn0319@gmail.com', '2022-07-24 16:14:54'),
(15, 'auth', 'Logout - root', '2022-07-24 16:25:05'),
(16, 'auth', 'Login - kjohn0319@gmail.com', '2022-07-24 16:28:59'),
(17, 'auth', 'Logout - root', '2022-07-24 16:29:04'),
(18, 'auth', 'Login - kjohn0319@gmail.com', '2022-07-24 16:29:17'),
(19, 'auth', 'Logout - root', '2022-07-24 16:29:20'),
(20, 'auth', 'Login - kjohn0319@gmail.com', '2022-07-24 16:30:00'),
(21, 'auth', 'Logout - root', '2022-07-24 23:16:32'),
(22, 'auth', 'Login - kjohn0319@gmail.com', '2022-07-24 23:16:38'),
(23, 'auth', 'Logout - root', '2022-07-25 00:09:23'),
(24, 'auth', 'Login Attempt - asdasd@asdasd', '2022-07-25 00:09:28'),
(25, 'auth', 'Login - kjohn0319@gmail.com', '2022-07-25 00:09:34'),
(26, 'auth', 'Logout - kjohn0319@gmail.com', '2022-07-25 00:10:12'),
(27, 'auth', 'Login - kjohn0319@gmail.com', '2022-07-25 00:10:18'),
(28, 'auth', 'Logout - kjohn0319@gmail.com', '2022-07-25 00:11:34'),
(29, 'attempt', 'Login Attempt - kjohn0319@gmail.com', '2022-07-25 00:11:39'),
(30, 'attempt', 'Login Attempt - kjohn0319@gmail.com', '2022-07-25 00:11:42'),
(31, 'auth', 'Login - kjohn0319@gmail.com', '2022-07-25 00:11:46'),
(32, 'auth', 'Login - kjohn0319@gmail.com', '2022-08-03 22:49:41'),
(33, 'auth', 'Logout - kjohn0319@gmail.com', '2022-08-03 22:51:47'),
(34, 'auth', 'Login - kjohn0319@gmail.com', '2022-08-03 22:52:20'),
(35, 'auth', 'Login - kjohn0319@gmail.com', '2022-08-04 14:51:12'),
(36, 'attempt', 'Login Attempt - kjohn0319@gmail.com', '2022-08-04 16:50:35'),
(37, 'attempt', 'Login Attempt - kjohn0319@gmail.com', '2022-08-04 16:50:44'),
(38, 'attempt', 'Login Attempt - kjohn0319@gmail.com', '2022-08-04 16:51:16'),
(39, 'auth', 'Login - kjohn0319@gmail.com', '2022-08-04 16:51:29'),
(40, 'auth', 'Logout - kjohn0319@gmail.com', '2022-08-04 17:49:06'),
(41, 'attempt', 'Login Attempt - 1', '2022-08-06 00:07:13'),
(42, 'attempt', 'Login Attempt - 1', '2022-08-06 00:07:18'),
(43, 'attempt', 'Login Attempt - 1', '2022-08-06 00:07:35'),
(44, 'attempt', 'Login Attempt - 1', '2022-08-06 00:12:12'),
(45, 'auth', 'Login - kjohn0319@gmail.com', '2022-08-06 00:13:05'),
(46, 'auth', 'Logout - kjohn0319@gmail.com', '2022-08-06 00:14:19'),
(47, 'auth', 'Login - kjohn0319@gmail.com', '2022-08-06 00:14:24'),
(48, 'auth', 'Logout - kjohn0319@gmail.com', '2022-08-06 00:49:18'),
(49, 'auth', 'Login - kjohn0319@gmail.com', '2022-08-06 13:22:54'),
(50, 'auth', 'Logout - kjohn0319@gmail.com', '2022-08-06 13:28:58'),
(51, 'attempt', 'Login Attempt - kjohnk0319@gmail.com', '2022-08-31 12:40:38'),
(52, 'auth', 'Login - kjohn0319@gmail.com', '2022-08-31 12:40:48'),
(53, 'auth', 'Login - kjohn0319@gmail.com', '2022-08-31 12:41:46'),
(54, 'auth', 'Login - kjohn0319@gmail.com', '2022-08-31 13:22:40'),
(55, 'auth', 'Login - kjohn0319@gmail.com', '2022-08-31 14:27:03'),
(56, 'auth', 'Logout - ', '2022-08-31 15:00:31'),
(57, 'auth', 'Logout - ', '2022-08-31 15:02:36'),
(58, 'auth', 'Login - kjohn0319@gmail.com', '2022-08-31 15:03:41'),
(59, 'auth', 'Login - kjohn0319@gmail.com', '2022-08-31 15:04:54'),
(60, 'auth', 'Logout - kjohn0319@gmail.com', '2022-08-31 15:04:55'),
(61, 'attempt', 'Login Attempt - kjohn0319@gmail.com', '2022-08-31 15:08:03'),
(62, 'auth', 'Login - kjohn0319@gmail.com', '2022-08-31 15:08:11'),
(63, 'auth', 'Logout - kjohn0319@gmail.com', '2022-08-31 15:12:25'),
(64, 'auth', 'Login - kjohn0319@gmail.com', '2022-08-31 15:12:41'),
(65, 'auth', 'Logout - kjohn0319@gmail.com', '2022-08-31 15:46:55'),
(66, 'auth', 'Login - kjohn0319@gmail.com', '2022-08-31 16:00:46'),
(67, 'auth', 'Login - kjohn0319@gmail.com', '2022-08-31 19:20:21'),
(68, 'auth', 'Login - kjohn0319@gmail.com', '2022-08-31 21:56:43'),
(69, 'auth', 'Logout - kjohn0319@gmail.com', '2022-09-01 09:58:15'),
(70, 'auth', 'Login - kjohn0319@gmail.com', '2022-09-01 09:58:38'),
(71, 'auth', 'Login - kjohn0319@gmail.com', '2022-09-01 09:59:17'),
(72, 'auth', 'Logout - kjohn0319@gmail.com', '2022-09-01 10:01:07'),
(73, 'auth', 'Login - joanemay', '2022-09-01 10:01:52'),
(74, 'auth', 'Logout - joanemay', '2022-09-01 10:05:41'),
(75, 'auth', 'Login - joanemay', '2022-09-01 10:05:50'),
(76, 'auth', 'Logout - joanemay', '2022-09-01 10:05:54'),
(77, 'auth', 'Login - kjohn0319@gmail.com', '2022-09-01 10:06:00'),
(78, 'auth', 'Logout - kjohn0319@gmail.com', '2022-09-01 10:07:42'),
(79, 'auth', 'Login - judge1', '2022-09-01 10:07:55'),
(80, 'auth', 'Login - kjohn0319@gmail.com', '2022-09-01 10:15:48'),
(81, 'auth', 'Login - kjohn0319@gmail.com', '2022-09-01 10:18:30'),
(82, 'auth', 'Logout - kjohn0319@gmail.com', '2022-09-01 15:31:40'),
(83, 'attempt', 'Login Attempt - judge2', '2022-09-01 15:31:50'),
(84, 'auth', 'Login - kjohn0319@gmail.com', '2022-09-01 15:32:17'),
(85, 'auth', 'Logout - kjohn0319@gmail.com', '2022-09-01 15:32:46'),
(86, 'auth', 'Login - judge2', '2022-09-01 15:32:54'),
(87, 'auth', 'Logout - judge2', '2022-09-01 16:14:13'),
(88, 'attempt', 'Login Attempt - judge3', '2022-09-01 16:14:26'),
(89, 'attempt', 'Login Attempt - judge 3', '2022-09-01 16:14:37'),
(90, 'attempt', 'Login Attempt - judge3', '2022-09-01 16:14:46'),
(91, 'auth', 'Login - kjohn0319@gmail.com', '2022-09-01 16:14:55'),
(92, 'auth', 'Logout - kjohn0319@gmail.com', '2022-09-01 16:15:17'),
(93, 'auth', 'Login - judge3', '2022-09-01 16:15:23'),
(94, 'auth', 'Login - kjohn0319@gmail.com', '2022-09-02 08:37:09'),
(95, 'auth', 'Login - kjohn0319@gmail.com', '2022-09-02 08:40:03'),
(96, 'auth', 'Login - kjohn0319@gmail.com', '2022-09-02 09:06:27'),
(97, 'attempt', 'Login Attempt - judge1', '2022-09-02 13:33:38'),
(98, 'auth', 'Login - judge1', '2022-09-02 13:33:46'),
(99, 'auth', 'Logout - judge1', '2022-09-02 14:01:10'),
(100, 'auth', 'Login - judge1', '2022-09-02 14:02:44'),
(101, 'auth', 'Login - judge1', '2022-09-02 14:17:06'),
(102, 'auth', 'Logout - judge1', '2022-09-02 14:17:12'),
(103, 'attempt', 'Login Attempt - judge5', '2022-09-02 14:17:32'),
(104, 'attempt', 'Login Attempt - judge5', '2022-09-02 14:20:44'),
(105, 'attempt', 'Login Attempt - judge5', '2022-09-02 14:20:58'),
(106, 'auth', 'Login - judge1', '2022-09-02 14:20:59'),
(107, 'auth', 'Login - judge4', '2022-09-02 14:21:09'),
(108, 'auth', 'Logout - judge4', '2022-09-02 14:21:35'),
(109, 'attempt', 'Login Attempt - judge5', '2022-09-02 14:21:46'),
(110, 'auth', 'Login - judge3', '2022-09-02 14:21:52'),
(111, 'auth', 'Login - judge1', '2022-09-02 14:24:06'),
(112, 'auth', 'Login - judge3', '2022-09-02 14:24:13'),
(113, 'attempt', 'Login Attempt - judge5', '2022-09-02 14:24:14'),
(114, 'auth', 'Login - judge2', '2022-09-02 14:24:19'),
(115, 'attempt', 'Login Attempt - judge5', '2022-09-02 14:24:23'),
(116, 'auth', 'Login - kjohn0319@gmail.com', '2022-09-02 14:24:34'),
(117, 'auth', 'Login - judge4', '2022-09-02 14:24:34'),
(118, 'attempt', 'Login Attempt - judge5', '2022-09-02 14:24:39'),
(119, 'attempt', 'Login Attempt - judge5', '2022-09-02 14:24:54'),
(120, 'attempt', 'Login Attempt - judge5', '2022-09-02 14:25:14'),
(121, 'auth', 'Login - judge5', '2022-09-02 14:25:38'),
(122, 'auth', 'Login - kjohn0319@gmail.com', '2022-09-02 14:30:20'),
(123, 'attempt', 'Login Attempt - judge6', '2022-09-02 14:57:53'),
(124, 'attempt', 'Login Attempt - admin', '2022-09-02 14:58:02'),
(125, 'attempt', 'Login Attempt - admin', '2022-09-02 14:58:53'),
(126, 'auth', 'Login - judge2', '2022-09-02 15:27:32'),
(127, 'auth', 'Logout - judge1', '2022-09-02 15:51:57'),
(128, 'auth', 'Logout - judge2', '2022-09-02 15:51:57'),
(129, 'auth', 'Login - kjohn0319@gmail.com', '2022-09-03 10:51:41'),
(130, 'auth', 'Logout - kjohn0319@gmail.com', '2022-09-03 11:49:42'),
(131, 'auth', 'Login - judge1', '2022-09-03 11:50:02'),
(132, 'auth', 'Login - kjohn0319@gmail.com', '2022-09-03 11:53:09'),
(133, 'auth', 'Logout - judge1', '2022-09-03 12:15:23'),
(134, 'auth', 'Login - kjohn0319@gmail.com', '2022-09-03 12:36:50'),
(135, 'auth', 'Logout - kjohn0319@gmail.com', '2022-09-03 12:56:27'),
(136, 'auth', 'Login - kjohn0319@gmail.com', '2022-09-03 12:56:34'),
(137, 'auth', 'Logout - kjohn0319@gmail.com', '2022-09-03 12:56:52'),
(138, 'attempt', 'Login Attempt - judge1', '2022-09-03 12:56:59'),
(139, 'auth', 'Login - judge1', '2022-09-03 12:57:07'),
(140, 'auth', 'Logout - kjohn0319@gmail.com', '2022-09-03 13:12:06'),
(141, 'auth', 'Login - judge1', '2022-09-03 13:12:12'),
(142, 'auth', 'Logout - judge1', '2022-09-03 15:24:56'),
(143, 'auth', 'Login - kjohn0319@gmail.com', '2022-09-03 15:25:48'),
(144, 'auth', 'Logout - judge1', '2022-09-03 17:16:31'),
(145, 'auth', 'Logout - kjohn0319@gmail.com', '2022-09-03 17:53:00'),
(146, 'attempt', 'Login Attempt - dev', '2022-09-04 14:23:54'),
(147, 'attempt', 'Login Attempt - dev', '2022-09-04 14:23:58'),
(148, 'attempt', 'Login Attempt - dev', '2022-09-04 14:24:06'),
(149, 'auth', 'Login - kjohn0319@gmail.com', '2022-09-04 14:24:19'),
(150, 'auth', 'Logout - dev', '2022-09-04 14:35:45'),
(151, 'auth', 'Login - dev', '2022-09-04 15:36:56'),
(152, 'auth', 'Logout - dev', '2022-09-04 16:08:14'),
(153, 'auth', 'Login - judge1', '2022-09-04 16:08:21'),
(154, 'auth', 'Logout - judge1', '2022-09-04 16:08:38'),
(155, 'attempt', 'Login Attempt - judge1', '2022-09-04 16:08:47'),
(156, 'auth', 'Login - judge1', '2022-09-04 16:08:50'),
(157, 'auth', 'Logout - judge1', '2022-09-04 16:09:09'),
(158, 'auth', 'Login - dev', '2022-09-04 16:09:16'),
(159, 'auth', 'Logout - dev', '2022-09-04 16:11:38'),
(160, 'attempt', 'Login Attempt - judge101', '2022-09-04 16:11:44'),
(161, 'auth', 'Login - dev', '2022-09-04 16:11:50'),
(162, 'auth', 'Logout - dev', '2022-09-04 16:12:04'),
(163, 'attempt', 'Login Attempt - judge101', '2022-09-04 16:12:10'),
(164, 'auth', 'Login - judge101', '2022-09-04 16:12:15'),
(165, 'auth', 'Logout - Judge101', '2022-09-04 16:12:26'),
(166, 'auth', 'Login - dev', '2022-09-04 16:12:40'),
(167, 'auth', 'Login - dev', '2022-09-04 17:01:56'),
(168, 'auth', 'Login - judge4', '2022-09-04 17:20:43'),
(169, 'auth', 'Logout - dev', '2022-09-04 17:20:51'),
(170, 'auth', 'Logout - judge4', '2022-09-04 17:20:56'),
(171, 'attempt', 'Login Attempt - judge1', '2022-09-04 17:21:13'),
(172, 'auth', 'Login - judge1', '2022-09-04 17:21:17'),
(173, 'auth', 'Login - judge3', '2022-09-04 17:21:36'),
(174, 'auth', 'Logout - judge3', '2022-09-04 17:21:58'),
(175, 'auth', 'Login - dev', '2022-09-04 17:22:14'),
(176, 'auth', 'Logout - judge3', '2022-09-04 17:22:26'),
(177, 'auth', 'Logout - judge1', '2022-09-04 17:23:33'),
(178, 'auth', 'Login - dev', '2022-09-04 17:51:09'),
(179, 'auth', 'Logout - dev', '2022-09-04 17:52:21'),
(180, 'auth', 'Login - judge1', '2022-09-04 17:52:30'),
(181, 'auth', 'Logout - judge1', '2022-09-04 17:52:41'),
(182, 'auth', 'Login - judge4', '2022-09-04 17:52:53'),
(183, 'auth', 'Logout - judge4', '2022-09-04 17:53:04'),
(184, 'auth', 'Login - judge1', '2022-09-04 17:53:25'),
(185, 'auth', 'Login - judge4', '2022-09-04 17:53:39'),
(186, 'attempt', 'Login Attempt - judge2', '2022-09-04 17:53:46'),
(187, 'auth', 'Login - judge2', '2022-09-04 17:53:51'),
(188, 'auth', 'Login - judge5', '2022-09-04 17:54:00'),
(189, 'auth', 'Login - judge3', '2022-09-04 17:54:02'),
(190, 'auth', 'Logout - judge5', '2022-09-04 17:55:21'),
(191, 'auth', 'Login - judge1', '2022-09-04 17:55:30'),
(192, 'auth', 'Logout - judge3', '2022-09-04 17:55:33'),
(193, 'auth', 'Logout - judge4', '2022-09-04 17:55:42'),
(194, 'auth', 'Login - judge5', '2022-09-04 17:56:10'),
(195, 'auth', 'Login - judge4', '2022-09-04 17:56:42'),
(196, 'auth', 'Logout - judge1', '2022-09-04 17:58:32'),
(197, 'auth', 'Login - dev', '2022-09-04 17:58:43'),
(198, 'auth', 'Login - judge3', '2022-09-04 17:58:45'),
(199, 'auth', 'Logout - dev', '2022-09-04 17:59:03'),
(200, 'auth', 'Login - dev', '2022-09-04 18:02:00'),
(201, 'auth', 'Login - Judge3', '2022-09-04 18:05:12'),
(202, 'auth', 'Login - judge2', '2022-09-04 18:05:13'),
(203, 'auth', 'Login - judge1', '2022-09-04 18:06:30'),
(204, 'auth', 'Login - judge2', '2022-09-04 18:10:07'),
(205, 'auth', 'Login - dev', '2022-09-04 18:51:22'),
(206, 'auth', 'Logout - dev', '2022-09-04 18:53:46'),
(207, 'auth', 'Login - dev', '2022-09-04 19:44:25'),
(208, 'auth', 'Login - judge5', '2022-09-04 20:46:52'),
(209, 'auth', 'Login - judge5', '2022-09-04 20:50:02'),
(210, 'auth', 'Login - dev', '2022-09-04 21:41:01'),
(211, 'auth', 'Login - judge1', '2022-09-04 21:52:25'),
(212, 'auth', 'Logout - judge1', '2022-09-04 21:54:10'),
(213, 'auth', 'Login - judge1', '2022-09-04 22:23:09'),
(214, 'auth', 'Logout - judge1', '2022-09-04 22:23:31'),
(215, 'auth', 'Login - judge4', '2022-09-04 22:44:52'),
(216, 'auth', 'Logout - judge5', '2022-09-04 22:47:13'),
(217, 'auth', 'Login - judge1', '2022-09-04 22:47:38'),
(218, 'auth', 'Logout - judge2', '2022-09-04 22:48:32'),
(219, 'auth', 'Login - judge3', '2022-09-04 22:48:42'),
(220, 'auth', 'Logout - judge1', '2022-09-04 22:53:52'),
(221, 'auth', 'Login - judge5', '2022-09-04 22:54:21');

-- --------------------------------------------------------

--
-- Table structure for table `tabs_results`
--

CREATE TABLE `tabs_results` (
  `tabs_result_id` int(11) NOT NULL,
  `tabs_event_id` int(11) NOT NULL,
  `tabs_cat_id` int(11) NOT NULL,
  `tabs_cri_id` int(11) NOT NULL,
  `tabs_user_id` int(11) NOT NULL,
  `tabs_can_id` int(11) NOT NULL,
  `tabs_result_score` double NOT NULL,
  `tabs_result_created` datetime NOT NULL,
  `tabs_result_updated` datetime NOT NULL
) ENGINE=InnoDB DEFAULT CHARSET=latin1;

--
-- Dumping data for table `tabs_results`
--

INSERT INTO `tabs_results` (`tabs_result_id`, `tabs_event_id`, `tabs_cat_id`, `tabs_cri_id`, `tabs_user_id`, `tabs_can_id`, `tabs_result_score`, `tabs_result_created`, `tabs_result_updated`) VALUES
(705, 3, 9, 11, 13, 1, 9.3, '2022-09-04 18:06:56', '2022-09-04 18:06:56'),
(706, 3, 9, 11, 14, 1, 8.9, '2022-09-04 18:07:02', '2022-09-04 18:07:02'),
(707, 3, 9, 11, 14, 2, 8.3, '2022-09-04 18:07:20', '2022-09-04 18:07:20'),
(708, 3, 9, 11, 14, 5, 8.5, '2022-09-04 18:07:33', '2022-09-04 18:07:33'),
(709, 3, 9, 11, 9, 1, 9.3, '2022-09-04 18:07:41', '2022-09-04 18:07:41'),
(710, 3, 9, 11, 14, 6, 8.2, '2022-09-04 18:07:50', '2022-09-04 18:07:50'),
(711, 3, 9, 11, 13, 2, 9.1, '2022-09-04 18:08:21', '2022-09-04 18:08:21'),
(712, 3, 9, 11, 14, 7, 8, '2022-09-04 18:08:25', '2022-09-04 18:08:25'),
(713, 3, 9, 11, 9, 2, 9.7, '2022-09-04 18:08:29', '2022-09-04 18:08:29'),
(714, 3, 9, 11, 14, 8, 8.1, '2022-09-04 18:08:34', '2022-09-04 18:08:34'),
(715, 3, 9, 11, 14, 9, 8.3, '2022-09-04 18:08:44', '2022-09-04 18:08:44'),
(716, 3, 9, 11, 9, 5, 9.1, '2022-09-04 18:08:53', '2022-09-04 18:08:53'),
(717, 3, 9, 11, 14, 10, 7.5, '2022-09-04 18:08:57', '2022-09-04 18:08:57'),
(718, 3, 9, 11, 13, 5, 9.1, '2022-09-04 18:09:00', '2022-09-04 18:09:00'),
(719, 3, 9, 11, 9, 6, 9.1, '2022-09-04 18:09:03', '2022-09-04 18:09:03'),
(720, 3, 9, 11, 14, 11, 7.8, '2022-09-04 18:09:07', '2022-09-04 18:09:07'),
(721, 3, 9, 11, 13, 6, 8.9, '2022-09-04 18:09:15', '2022-09-04 18:09:22'),
(722, 3, 9, 11, 14, 12, 9, '2022-09-04 18:09:18', '2022-09-04 18:09:18'),
(723, 3, 9, 11, 9, 7, 9.2, '2022-09-04 18:09:27', '2022-09-04 18:09:27'),
(724, 3, 9, 11, 14, 13, 7, '2022-09-04 18:09:31', '2022-09-04 18:09:31'),
(725, 3, 9, 11, 13, 7, 8.3, '2022-09-04 18:09:41', '2022-09-04 18:09:45'),
(726, 3, 9, 11, 14, 14, 8.8, '2022-09-04 18:09:43', '2022-09-04 18:09:43'),
(727, 3, 9, 11, 9, 8, 8.9, '2022-09-04 18:09:45', '2022-09-04 18:09:45'),
(728, 3, 9, 11, 14, 15, 8.1, '2022-09-04 18:09:54', '2022-09-04 18:09:54'),
(729, 3, 9, 11, 14, 16, 8.25, '2022-09-04 18:10:04', '2022-09-04 18:10:04'),
(730, 3, 9, 11, 9, 9, 8.9, '2022-09-04 18:10:05', '2022-09-04 18:10:05'),
(731, 3, 9, 11, 13, 8, 8.8, '2022-09-04 18:10:05', '2022-09-04 18:10:05'),
(732, 3, 9, 11, 13, 9, 9.1, '2022-09-04 18:10:15', '2022-09-04 18:10:15'),
(733, 3, 9, 11, 14, 17, 7.4, '2022-09-04 18:10:16', '2022-09-04 18:10:16'),
(734, 3, 9, 11, 13, 10, 8.3, '2022-09-04 18:10:22', '2022-09-04 18:10:33'),
(735, 3, 9, 11, 9, 10, 8.9, '2022-09-04 18:10:23', '2022-09-04 18:10:23'),
(736, 3, 9, 11, 14, 18, 7.88, '2022-09-04 18:10:27', '2022-09-04 18:10:27'),
(737, 3, 9, 11, 9, 11, 9.2, '2022-09-04 18:10:38', '2022-09-04 18:10:38'),
(738, 3, 9, 11, 14, 24, 8.19, '2022-09-04 18:10:39', '2022-09-04 18:10:39'),
(739, 3, 9, 11, 9, 12, 9.4, '2022-09-04 18:10:50', '2022-09-04 18:10:50'),
(740, 3, 9, 11, 14, 25, 8.15, '2022-09-04 18:10:53', '2022-09-04 18:10:53'),
(741, 3, 9, 11, 13, 11, 8.4, '2022-09-04 18:11:01', '2022-09-04 18:11:01'),
(742, 3, 9, 11, 9, 13, 9, '2022-09-04 18:11:01', '2022-09-04 18:11:01'),
(743, 3, 9, 11, 14, 19, 8.13, '2022-09-04 18:11:03', '2022-09-04 18:11:03'),
(744, 3, 9, 11, 9, 14, 9.5, '2022-09-04 18:11:12', '2022-09-04 18:11:12'),
(745, 3, 9, 11, 13, 12, 9.4, '2022-09-04 18:11:15', '2022-09-04 18:11:15'),
(746, 3, 9, 11, 14, 20, 8.05, '2022-09-04 18:11:16', '2022-09-04 18:11:16'),
(747, 3, 9, 11, 9, 15, 9.4, '2022-09-04 18:11:24', '2022-09-04 18:11:24'),
(748, 3, 9, 11, 13, 13, 8.6, '2022-09-04 18:11:25', '2022-09-04 18:11:25'),
(749, 3, 9, 11, 14, 21, 8.09, '2022-09-04 18:11:31', '2022-09-04 18:11:31'),
(750, 3, 9, 11, 9, 16, 9.2, '2022-09-04 18:11:33', '2022-09-04 18:11:33'),
(751, 3, 9, 11, 13, 14, 8.4, '2022-09-04 18:11:36', '2022-09-04 18:11:36'),
(752, 3, 9, 11, 9, 17, 9, '2022-09-04 18:11:42', '2022-09-04 18:11:42'),
(753, 3, 9, 11, 14, 22, 8.3, '2022-09-04 18:11:43', '2022-09-04 18:11:43'),
(754, 3, 9, 11, 13, 15, 8.9, '2022-09-04 18:11:47', '2022-09-04 18:11:47'),
(755, 3, 9, 11, 9, 18, 8.7, '2022-09-04 18:11:54', '2022-09-04 18:11:54'),
(756, 3, 9, 11, 14, 23, 8.6, '2022-09-04 18:11:55', '2022-09-04 18:11:55'),
(757, 3, 9, 11, 13, 16, 8.6, '2022-09-04 18:11:56', '2022-09-04 18:11:56'),
(758, 3, 9, 11, 13, 17, 8.7, '2022-09-04 18:12:03', '2022-09-04 18:12:50'),
(759, 3, 9, 11, 14, 26, 8.4, '2022-09-04 18:12:06', '2022-09-04 18:12:06'),
(760, 3, 9, 11, 9, 24, 9.1, '2022-09-04 18:12:08', '2022-09-04 18:12:08'),
(761, 3, 9, 11, 14, 27, 8.5, '2022-09-04 18:12:16', '2022-09-04 18:12:16'),
(762, 3, 9, 11, 9, 25, 9.2, '2022-09-04 18:12:23', '2022-09-04 18:12:23'),
(763, 3, 9, 11, 14, 28, 8.7, '2022-09-04 18:12:30', '2022-09-04 18:12:30'),
(764, 3, 9, 11, 9, 19, 9, '2022-09-04 18:12:50', '2022-09-04 18:12:50'),
(765, 3, 9, 11, 13, 18, 8.3, '2022-09-04 18:13:03', '2022-09-04 18:13:03'),
(766, 3, 9, 11, 9, 20, 8.9, '2022-09-04 18:13:04', '2022-09-04 18:13:04'),
(767, 3, 9, 11, 13, 24, 8.4, '2022-09-04 18:13:12', '2022-09-04 18:13:12'),
(768, 3, 9, 11, 9, 21, 9.3, '2022-09-04 18:13:16', '2022-09-04 18:13:16'),
(769, 3, 9, 11, 13, 25, 8.5, '2022-09-04 18:13:21', '2022-09-04 18:13:21'),
(770, 3, 9, 11, 13, 19, 8.8, '2022-09-04 18:13:26', '2022-09-04 18:13:35'),
(771, 3, 9, 11, 9, 22, 9.5, '2022-09-04 18:13:30', '2022-09-04 18:13:44'),
(772, 3, 9, 11, 13, 20, 8.4, '2022-09-04 18:13:51', '2022-09-04 18:13:51'),
(773, 3, 9, 11, 9, 23, 9.6, '2022-09-04 18:13:56', '2022-09-04 18:13:56'),
(774, 3, 9, 11, 13, 21, 8.8, '2022-09-04 18:14:03', '2022-09-04 18:14:03'),
(775, 3, 9, 11, 13, 22, 8.6, '2022-09-04 18:14:10', '2022-09-04 18:14:10'),
(776, 3, 9, 11, 9, 26, 9.3, '2022-09-04 18:14:14', '2022-09-04 18:14:32'),
(777, 3, 9, 11, 13, 23, 9.5, '2022-09-04 18:14:36', '2022-09-04 18:14:36'),
(778, 3, 9, 11, 9, 27, 9, '2022-09-04 18:14:41', '2022-09-04 18:14:41'),
(779, 3, 9, 11, 13, 26, 9.3, '2022-09-04 18:14:48', '2022-09-04 18:14:48'),
(780, 3, 9, 11, 9, 28, 9.5, '2022-09-04 18:14:54', '2022-09-04 18:14:54'),
(781, 3, 9, 11, 13, 27, 9.1, '2022-09-04 18:14:59', '2022-09-04 18:14:59'),
(782, 3, 9, 11, 13, 28, 9.4, '2022-09-04 18:15:06', '2022-09-04 18:15:06'),
(783, 3, 5, 7, 21, 1, 7.1, '2022-09-04 19:43:58', '2022-09-04 19:56:10'),
(784, 3, 5, 7, 15, 1, 7.5, '2022-09-04 19:44:00', '2022-09-04 19:51:18'),
(785, 3, 5, 7, 15, 2, 8.2, '2022-09-04 19:44:13', '2022-09-04 19:52:26'),
(786, 3, 5, 7, 21, 2, 7.5, '2022-09-04 19:44:34', '2022-09-04 19:56:15'),
(787, 3, 5, 7, 15, 5, 6.8, '2022-09-04 19:44:49', '2022-09-04 19:44:53'),
(788, 3, 5, 7, 21, 6, 7.65, '2022-09-04 19:45:02', '2022-09-04 19:45:06'),
(789, 3, 5, 7, 15, 6, 7.5, '2022-09-04 19:45:14', '2022-09-04 19:45:14'),
(790, 3, 5, 7, 15, 7, 7, '2022-09-04 19:45:24', '2022-09-04 19:45:24'),
(791, 3, 5, 7, 15, 8, 7.8, '2022-09-04 19:45:31', '2022-09-04 19:45:31'),
(792, 3, 5, 7, 14, 9, 7.5, '2022-09-04 19:45:50', '2022-09-04 19:52:26'),
(793, 3, 5, 7, 15, 9, 7.6, '2022-09-04 19:45:55', '2022-09-04 19:45:55'),
(794, 3, 5, 7, 15, 10, 7.8, '2022-09-04 19:46:02', '2022-09-04 19:46:02'),
(795, 3, 5, 7, 15, 11, 8, '2022-09-04 19:46:19', '2022-09-04 19:46:19'),
(796, 3, 5, 7, 14, 11, 7.2, '2022-09-04 19:46:22', '2022-09-04 19:52:40'),
(797, 3, 5, 7, 15, 12, 7, '2022-09-04 19:46:30', '2022-09-04 19:46:30'),
(798, 3, 5, 7, 14, 12, 7.25, '2022-09-04 19:46:30', '2022-09-04 19:46:39'),
(799, 3, 5, 7, 14, 13, 8, '2022-09-04 19:46:46', '2022-09-04 19:46:46'),
(800, 3, 5, 7, 14, 14, 7.35, '2022-09-04 19:46:57', '2022-09-04 19:46:57'),
(801, 3, 5, 7, 15, 13, 7.8, '2022-09-04 19:46:57', '2022-09-04 19:46:57'),
(802, 3, 5, 7, 15, 14, 7.6, '2022-09-04 19:47:07', '2022-09-04 19:47:07'),
(803, 3, 5, 7, 14, 15, 8.25, '2022-09-04 19:47:19', '2022-09-04 19:47:19'),
(804, 3, 5, 7, 14, 16, 7.5, '2022-09-04 19:47:28', '2022-09-04 19:47:28'),
(805, 3, 5, 7, 15, 15, 7.8, '2022-09-04 19:47:38', '2022-09-04 19:47:38'),
(806, 3, 5, 7, 15, 16, 7.2, '2022-09-04 19:47:45', '2022-09-04 19:47:45'),
(807, 3, 5, 7, 14, 17, 6.5, '2022-09-04 19:47:48', '2022-09-04 19:47:48'),
(808, 3, 5, 7, 15, 17, 6.8, '2022-09-04 19:47:53', '2022-09-04 19:47:53'),
(809, 3, 5, 7, 14, 18, 8.65, '2022-09-04 19:47:55', '2022-09-04 19:47:55'),
(810, 3, 5, 7, 15, 18, 8.5, '2022-09-04 19:48:04', '2022-09-04 19:48:04'),
(811, 3, 5, 7, 14, 24, 9, '2022-09-04 19:48:20', '2022-09-04 19:48:20'),
(812, 3, 5, 7, 15, 24, 8.3, '2022-09-04 19:48:29', '2022-09-04 19:48:29'),
(813, 3, 5, 7, 14, 25, 7.45, '2022-09-04 19:48:33', '2022-09-04 19:48:33'),
(814, 3, 5, 7, 15, 25, 7, '2022-09-04 19:48:36', '2022-09-04 19:48:36'),
(815, 3, 5, 7, 14, 19, 8.6, '2022-09-04 19:48:45', '2022-09-04 19:48:45'),
(816, 3, 5, 7, 14, 20, 8.15, '2022-09-04 19:48:53', '2022-09-04 19:48:53'),
(817, 3, 5, 7, 15, 19, 7.7, '2022-09-04 19:49:04', '2022-09-04 19:49:04'),
(818, 3, 5, 7, 15, 20, 7.5, '2022-09-04 19:49:12', '2022-09-04 19:49:12'),
(819, 3, 5, 7, 14, 21, 8, '2022-09-04 19:49:15', '2022-09-04 19:49:15'),
(820, 3, 5, 7, 14, 22, 7.85, '2022-09-04 19:49:29', '2022-09-04 19:49:29'),
(821, 3, 5, 7, 15, 21, 7, '2022-09-04 19:49:31', '2022-09-04 19:49:31'),
(822, 3, 5, 7, 15, 22, 7.2, '2022-09-04 19:49:38', '2022-09-04 19:49:38'),
(823, 3, 5, 7, 14, 23, 8.85, '2022-09-04 19:49:56', '2022-09-04 19:49:59'),
(824, 3, 5, 7, 14, 26, 7.65, '2022-09-04 19:50:07', '2022-09-04 19:50:07'),
(825, 3, 5, 7, 15, 23, 7.6, '2022-09-04 19:50:12', '2022-09-04 19:50:12'),
(826, 3, 5, 7, 15, 26, 8.2, '2022-09-04 19:50:19', '2022-09-04 19:50:19'),
(827, 3, 5, 7, 14, 27, 7.85, '2022-09-04 19:50:24', '2022-09-04 19:54:13'),
(828, 3, 5, 7, 13, 1, 7.3, '2022-09-04 19:50:41', '2022-09-04 19:50:41'),
(829, 3, 5, 7, 15, 27, 7.5, '2022-09-04 19:50:47', '2022-09-04 19:50:47'),
(830, 3, 5, 7, 15, 28, 7.4, '2022-09-04 19:50:54', '2022-09-04 19:50:54'),
(831, 3, 5, 7, 14, 1, 8.45, '2022-09-04 19:51:07', '2022-09-04 19:51:07'),
(832, 3, 5, 7, 13, 2, 9, '2022-09-04 19:51:09', '2022-09-04 19:51:09'),
(833, 3, 5, 7, 14, 2, 8.5, '2022-09-04 19:51:17', '2022-09-04 19:51:17'),
(834, 3, 5, 7, 13, 5, 7.2, '2022-09-04 19:51:18', '2022-09-04 19:51:18'),
(835, 3, 5, 7, 13, 6, 7.6, '2022-09-04 19:51:27', '2022-09-04 19:51:27'),
(836, 3, 5, 7, 14, 5, 7, '2022-09-04 19:51:28', '2022-09-04 19:51:28'),
(837, 3, 5, 7, 13, 7, 7.5, '2022-09-04 19:51:37', '2022-09-04 19:51:37'),
(838, 3, 5, 7, 9, 1, 8.8, '2022-09-04 19:51:38', '2022-09-04 19:51:38'),
(839, 3, 5, 7, 14, 6, 7.35, '2022-09-04 19:51:42', '2022-09-04 19:51:42'),
(840, 3, 5, 7, 13, 8, 8, '2022-09-04 19:51:46', '2022-09-04 19:51:46'),
(841, 3, 5, 7, 9, 2, 8.4, '2022-09-04 19:51:50', '2022-09-04 19:51:50'),
(842, 3, 5, 7, 13, 9, 7.8, '2022-09-04 19:51:55', '2022-09-04 19:51:55'),
(843, 3, 5, 7, 14, 7, 7.25, '2022-09-04 19:52:00', '2022-09-04 19:52:00'),
(844, 3, 5, 7, 13, 10, 8.5, '2022-09-04 19:52:04', '2022-09-04 19:52:04'),
(845, 3, 5, 7, 9, 5, 8.9, '2022-09-04 19:52:07', '2022-09-04 19:52:07'),
(846, 3, 5, 7, 13, 11, 6.9, '2022-09-04 19:52:15', '2022-09-04 19:52:15'),
(847, 3, 5, 7, 9, 6, 8.3, '2022-09-04 19:52:19', '2022-09-04 19:52:19'),
(848, 3, 5, 7, 14, 8, 8, '2022-09-04 19:52:20', '2022-09-04 19:52:20'),
(849, 3, 5, 7, 13, 12, 7.9, '2022-09-04 19:52:25', '2022-09-04 19:52:25'),
(850, 3, 5, 7, 9, 7, 8.5, '2022-09-04 19:52:28', '2022-09-04 19:52:28'),
(851, 3, 5, 7, 13, 13, 7.6, '2022-09-04 19:52:34', '2022-09-04 19:52:34'),
(852, 3, 5, 7, 14, 10, 7, '2022-09-04 19:52:37', '2022-09-04 19:52:37'),
(853, 3, 5, 7, 9, 8, 8.5, '2022-09-04 19:52:38', '2022-09-04 19:52:38'),
(854, 3, 5, 7, 13, 14, 6.8, '2022-09-04 19:52:43', '2022-09-04 19:52:43'),
(855, 3, 5, 7, 9, 9, 8.6, '2022-09-04 19:52:46', '2022-09-04 19:52:46'),
(856, 3, 5, 7, 13, 15, 8.2, '2022-09-04 19:52:53', '2022-09-04 19:52:53'),
(857, 3, 5, 7, 9, 10, 8.4, '2022-09-04 19:52:55', '2022-09-04 19:52:55'),
(858, 3, 5, 7, 13, 16, 7.3, '2022-09-04 19:53:03', '2022-09-04 19:53:03'),
(859, 3, 5, 7, 9, 11, 8.5, '2022-09-04 19:53:03', '2022-09-04 19:53:03'),
(860, 3, 5, 7, 21, 7, 6, '2022-09-04 19:53:09', '2022-09-04 19:53:09'),
(861, 3, 5, 7, 13, 17, 7, '2022-09-04 19:53:12', '2022-09-04 19:53:12'),
(862, 3, 5, 7, 14, 28, 8.5, '2022-09-04 19:53:14', '2022-09-04 19:53:14'),
(863, 3, 5, 7, 21, 8, 6, '2022-09-04 19:53:17', '2022-09-04 19:53:17'),
(864, 3, 5, 7, 13, 18, 8.9, '2022-09-04 19:53:21', '2022-09-04 19:53:21'),
(865, 3, 5, 7, 9, 12, 8.5, '2022-09-04 19:53:24', '2022-09-04 19:53:24'),
(866, 3, 5, 7, 21, 9, 7.05, '2022-09-04 19:53:26', '2022-09-04 19:53:26'),
(867, 3, 5, 7, 9, 13, 9.5, '2022-09-04 19:53:30', '2022-09-04 19:53:30'),
(868, 3, 5, 7, 13, 24, 8.7, '2022-09-04 19:53:32', '2022-09-04 19:53:32'),
(869, 3, 5, 7, 21, 10, 7.06, '2022-09-04 19:53:34', '2022-09-04 19:53:34'),
(870, 3, 5, 7, 9, 14, 8.5, '2022-09-04 19:53:35', '2022-09-04 19:53:35'),
(871, 3, 5, 7, 13, 25, 6.9, '2022-09-04 19:53:41', '2022-09-04 19:53:41'),
(872, 3, 5, 7, 21, 11, 6.24, '2022-09-04 19:53:45', '2022-09-04 19:53:45'),
(873, 3, 5, 7, 21, 12, 7.01, '2022-09-04 19:53:52', '2022-09-04 19:53:52'),
(874, 3, 5, 7, 13, 19, 6.7, '2022-09-04 19:53:56', '2022-09-04 19:53:56'),
(875, 3, 5, 7, 21, 13, 7.25, '2022-09-04 19:54:02', '2022-09-04 19:54:02'),
(876, 3, 5, 7, 13, 20, 7, '2022-09-04 19:54:05', '2022-09-04 19:54:05'),
(877, 3, 5, 7, 21, 14, 6.4, '2022-09-04 19:54:11', '2022-09-04 19:54:13'),
(878, 3, 5, 7, 9, 15, 8.8, '2022-09-04 19:54:12', '2022-09-04 19:54:12'),
(879, 3, 5, 7, 13, 21, 7.1, '2022-09-04 19:54:14', '2022-09-04 19:54:14'),
(880, 3, 5, 7, 9, 16, 8.3, '2022-09-04 19:54:17', '2022-09-04 19:54:17'),
(881, 3, 5, 7, 21, 15, 6.9, '2022-09-04 19:54:21', '2022-09-04 19:54:21'),
(882, 3, 5, 7, 9, 17, 8.7, '2022-09-04 19:54:22', '2022-09-04 19:54:22'),
(883, 3, 5, 7, 13, 22, 7.2, '2022-09-04 19:54:22', '2022-09-04 19:54:22'),
(884, 3, 5, 7, 21, 16, 7.06, '2022-09-04 19:54:27', '2022-09-04 19:54:27'),
(885, 3, 5, 7, 9, 18, 9.6, '2022-09-04 19:54:31', '2022-09-04 19:54:31'),
(886, 3, 5, 7, 13, 23, 6.9, '2022-09-04 19:54:32', '2022-09-04 19:54:32'),
(887, 3, 5, 7, 21, 17, 6, '2022-09-04 19:54:34', '2022-09-04 19:54:34'),
(888, 3, 5, 7, 9, 24, 9.4, '2022-09-04 19:54:36', '2022-09-04 19:54:36'),
(889, 3, 5, 7, 21, 18, 8.4, '2022-09-04 19:54:40', '2022-09-04 19:54:40'),
(890, 3, 5, 7, 9, 25, 8.6, '2022-09-04 19:54:41', '2022-09-04 19:54:41'),
(891, 3, 5, 7, 13, 26, 6.8, '2022-09-04 19:54:43', '2022-09-04 19:54:43'),
(892, 3, 5, 7, 21, 24, 8.9, '2022-09-04 19:54:46', '2022-09-04 19:54:46'),
(893, 3, 5, 7, 9, 19, 8.9, '2022-09-04 19:54:46', '2022-09-04 19:54:46'),
(894, 3, 5, 7, 13, 27, 7.5, '2022-09-04 19:54:51', '2022-09-04 19:54:51'),
(895, 3, 5, 7, 9, 20, 8.6, '2022-09-04 19:54:51', '2022-09-04 19:54:51'),
(896, 3, 5, 7, 21, 25, 7.2, '2022-09-04 19:54:53', '2022-09-04 19:54:53'),
(897, 3, 5, 7, 9, 21, 8.7, '2022-09-04 19:54:56', '2022-09-04 19:54:56'),
(898, 3, 5, 7, 13, 28, 7, '2022-09-04 19:54:59', '2022-09-04 19:54:59'),
(899, 3, 5, 7, 21, 19, 8, '2022-09-04 19:55:00', '2022-09-04 19:55:00'),
(900, 3, 5, 7, 9, 22, 8.6, '2022-09-04 19:55:01', '2022-09-04 19:55:01'),
(901, 3, 5, 7, 9, 23, 8.8, '2022-09-04 19:55:06', '2022-09-04 19:55:09'),
(902, 3, 5, 7, 21, 20, 7.9, '2022-09-04 19:55:06', '2022-09-04 19:55:06'),
(903, 3, 5, 7, 21, 21, 7.3, '2022-09-04 19:55:12', '2022-09-04 19:55:12'),
(904, 3, 5, 7, 9, 26, 9.3, '2022-09-04 19:55:14', '2022-09-04 19:55:18'),
(905, 3, 5, 7, 21, 22, 7, '2022-09-04 19:55:18', '2022-09-04 19:55:18'),
(906, 3, 5, 7, 21, 23, 8.7, '2022-09-04 19:55:26', '2022-09-04 19:55:26'),
(907, 3, 5, 7, 21, 26, 8.6, '2022-09-04 19:55:32', '2022-09-04 19:55:32'),
(908, 3, 5, 7, 9, 27, 9.3, '2022-09-04 19:55:36', '2022-09-04 19:55:36'),
(909, 3, 5, 7, 21, 27, 9, '2022-09-04 19:55:39', '2022-09-04 19:55:39'),
(910, 3, 5, 7, 21, 28, 8.8, '2022-09-04 19:55:43', '2022-09-04 19:55:43'),
(911, 3, 5, 7, 9, 28, 9, '2022-09-04 19:55:43', '2022-09-04 19:55:43'),
(912, 3, 5, 7, 21, 5, 7, '2022-09-04 19:55:55', '2022-09-04 19:55:55'),
(913, 3, 6, 9, 21, 1, 6.13, '2022-09-04 20:18:29', '2022-09-04 20:18:40'),
(914, 3, 6, 9, 15, 1, 8, '2022-09-04 20:18:37', '2022-09-04 20:18:37'),
(915, 3, 6, 9, 21, 2, 6.85, '2022-09-04 20:19:21', '2022-09-04 20:19:21'),
(916, 3, 6, 9, 15, 2, 8.3, '2022-09-04 20:19:25', '2022-09-04 20:19:25'),
(917, 3, 6, 9, 15, 5, 6.8, '2022-09-04 20:20:19', '2022-09-04 20:20:19'),
(918, 3, 6, 9, 15, 6, 7.4, '2022-09-04 20:20:42', '2022-09-04 20:20:42'),
(919, 3, 6, 9, 15, 7, 7.4, '2022-09-04 20:21:25', '2022-09-04 20:21:25'),
(920, 3, 6, 9, 15, 8, 7.2, '2022-09-04 20:21:51', '2022-09-04 20:21:51'),
(921, 3, 6, 9, 15, 9, 7.2, '2022-09-04 20:22:29', '2022-09-04 20:22:29'),
(922, 3, 6, 9, 15, 10, 7.4, '2022-09-04 20:23:39', '2022-09-04 20:24:06'),
(923, 3, 6, 9, 15, 11, 8, '2022-09-04 20:24:35', '2022-09-04 20:24:46'),
(924, 3, 6, 9, 15, 12, 8, '2022-09-04 20:24:54', '2022-09-04 20:24:54'),
(925, 3, 6, 9, 15, 13, 8.3, '2022-09-04 20:25:14', '2022-09-04 20:25:14'),
(926, 3, 6, 9, 15, 14, 8.2, '2022-09-04 20:29:31', '2022-09-04 20:29:47'),
(927, 3, 6, 9, 15, 15, 8.3, '2022-09-04 20:30:10', '2022-09-04 20:30:10'),
(928, 3, 6, 9, 15, 16, 8.7, '2022-09-04 20:30:38', '2022-09-04 20:30:38'),
(929, 3, 6, 9, 15, 17, 8.4, '2022-09-04 20:30:51', '2022-09-04 20:30:51'),
(930, 3, 6, 9, 15, 18, 8.5, '2022-09-04 20:31:12', '2022-09-04 20:31:12'),
(931, 3, 6, 9, 15, 24, 7.5, '2022-09-04 20:31:25', '2022-09-04 20:31:25'),
(932, 3, 6, 9, 15, 25, 7.3, '2022-09-04 20:31:32', '2022-09-04 20:31:32'),
(933, 3, 6, 9, 15, 19, 8.6, '2022-09-04 20:31:56', '2022-09-04 20:31:56'),
(934, 3, 6, 9, 15, 20, 8.3, '2022-09-04 20:32:06', '2022-09-04 20:32:06'),
(935, 3, 6, 9, 15, 21, 7.7, '2022-09-04 20:32:32', '2022-09-04 20:32:32'),
(936, 3, 6, 9, 15, 22, 7.5, '2022-09-04 20:33:06', '2022-09-04 20:37:08'),
(937, 3, 6, 9, 14, 2, 8.65, '2022-09-04 20:35:09', '2022-09-04 20:35:09'),
(938, 3, 6, 9, 13, 1, 6.5, '2022-09-04 20:35:36', '2022-09-04 20:35:49'),
(939, 3, 6, 9, 13, 2, 7, '2022-09-04 20:36:32', '2022-09-04 20:36:32'),
(940, 3, 6, 9, 13, 5, 6.6, '2022-09-04 20:36:50', '2022-09-04 20:36:50'),
(941, 3, 6, 9, 13, 6, 7.1, '2022-09-04 20:37:00', '2022-09-04 20:37:00'),
(942, 3, 6, 9, 13, 7, 6.4, '2022-09-04 20:37:09', '2022-09-04 20:37:09'),
(943, 3, 6, 9, 13, 8, 6.6, '2022-09-04 20:37:18', '2022-09-04 20:37:18'),
(944, 3, 6, 9, 15, 23, 8.4, '2022-09-04 20:37:27', '2022-09-04 20:37:27'),
(945, 3, 6, 9, 13, 9, 6.5, '2022-09-04 20:37:28', '2022-09-04 20:37:28'),
(946, 3, 6, 9, 15, 26, 8.2, '2022-09-04 20:37:35', '2022-09-04 20:37:35'),
(947, 3, 6, 9, 9, 1, 8, '2022-09-04 20:37:35', '2022-09-04 20:37:35'),
(948, 3, 6, 9, 13, 10, 6.3, '2022-09-04 20:37:39', '2022-09-04 20:37:39'),
(949, 3, 6, 9, 9, 2, 8.3, '2022-09-04 20:37:44', '2022-09-04 20:37:44'),
(950, 3, 6, 9, 15, 27, 7.8, '2022-09-04 20:37:45', '2022-09-04 20:37:45'),
(951, 3, 6, 9, 13, 11, 6.4, '2022-09-04 20:37:50', '2022-09-04 20:37:50'),
(952, 3, 6, 9, 9, 5, 8.5, '2022-09-04 20:37:50', '2022-09-04 20:37:50'),
(953, 3, 6, 9, 15, 28, 8.4, '2022-09-04 20:37:52', '2022-09-04 20:37:52'),
(954, 3, 6, 9, 9, 6, 8.4, '2022-09-04 20:37:56', '2022-09-04 20:37:56'),
(955, 3, 6, 9, 13, 12, 6.2, '2022-09-04 20:37:59', '2022-09-04 20:37:59'),
(956, 3, 6, 9, 9, 7, 8.5, '2022-09-04 20:38:02', '2022-09-04 20:38:02'),
(957, 3, 6, 9, 13, 13, 6.4, '2022-09-04 20:38:07', '2022-09-04 20:38:07'),
(958, 3, 6, 9, 9, 8, 8.1, '2022-09-04 20:38:08', '2022-09-04 20:38:08'),
(959, 3, 6, 9, 9, 9, 8.4, '2022-09-04 20:38:13', '2022-09-04 20:38:13'),
(960, 3, 6, 9, 13, 14, 6.5, '2022-09-04 20:38:17', '2022-09-04 20:38:17'),
(961, 3, 6, 9, 9, 10, 8.5, '2022-09-04 20:38:19', '2022-09-04 20:38:19'),
(962, 3, 6, 9, 9, 11, 8.5, '2022-09-04 20:38:25', '2022-09-04 20:38:25'),
(963, 3, 6, 9, 13, 15, 7.5, '2022-09-04 20:38:25', '2022-09-04 20:38:25'),
(964, 3, 6, 9, 9, 12, 8.6, '2022-09-04 20:38:30', '2022-09-04 20:38:30'),
(965, 3, 6, 9, 13, 16, 6.3, '2022-09-04 20:38:33', '2022-09-04 20:38:33'),
(966, 3, 6, 9, 9, 13, 8.8, '2022-09-04 20:38:35', '2022-09-04 20:38:35'),
(967, 3, 6, 9, 9, 14, 8.6, '2022-09-04 20:38:40', '2022-09-04 20:38:40'),
(968, 3, 6, 9, 13, 17, 6.6, '2022-09-04 20:38:41', '2022-09-04 20:38:41'),
(969, 3, 6, 9, 9, 15, 8.7, '2022-09-04 20:38:47', '2022-09-04 20:38:47'),
(970, 3, 6, 9, 9, 16, 8.6, '2022-09-04 20:38:52', '2022-09-04 20:38:52'),
(971, 3, 6, 9, 13, 18, 6.9, '2022-09-04 20:38:55', '2022-09-04 20:38:55'),
(972, 3, 6, 9, 9, 17, 8.8, '2022-09-04 20:38:59', '2022-09-04 20:38:59'),
(973, 3, 6, 9, 9, 18, 9.2, '2022-09-04 20:39:04', '2022-09-04 20:39:04'),
(974, 3, 6, 9, 13, 24, 7.1, '2022-09-04 20:39:04', '2022-09-04 20:39:04'),
(975, 3, 6, 9, 9, 24, 9.3, '2022-09-04 20:39:08', '2022-09-04 20:39:08'),
(976, 3, 6, 9, 13, 25, 6.6, '2022-09-04 20:39:13', '2022-09-04 20:39:13'),
(977, 3, 6, 9, 9, 25, 8.8, '2022-09-04 20:39:15', '2022-09-04 20:39:15'),
(978, 3, 6, 9, 9, 19, 9, '2022-09-04 20:39:19', '2022-09-04 20:39:19'),
(979, 3, 6, 9, 13, 19, 7.2, '2022-09-04 20:39:23', '2022-09-04 20:39:23'),
(980, 3, 6, 9, 9, 20, 8.7, '2022-09-04 20:39:24', '2022-09-04 20:39:24'),
(981, 3, 6, 9, 9, 21, 8.5, '2022-09-04 20:39:29', '2022-09-04 20:39:29'),
(982, 3, 6, 9, 13, 20, 6.6, '2022-09-04 20:39:31', '2022-09-04 20:39:31'),
(983, 3, 6, 9, 9, 22, 8.6, '2022-09-04 20:39:34', '2022-09-04 20:39:34'),
(984, 3, 6, 9, 13, 21, 6.4, '2022-09-04 20:39:41', '2022-09-04 20:39:41'),
(985, 3, 6, 9, 9, 23, 9.1, '2022-09-04 20:39:42', '2022-09-04 20:40:55'),
(986, 3, 6, 9, 9, 26, 8.9, '2022-09-04 20:39:47', '2022-09-04 20:39:47'),
(987, 3, 6, 9, 13, 22, 6.9, '2022-09-04 20:39:50', '2022-09-04 20:39:50'),
(988, 3, 6, 9, 9, 27, 9.35, '2022-09-04 20:39:53', '2022-09-04 20:39:53'),
(989, 3, 6, 9, 9, 28, 9.4, '2022-09-04 20:39:58', '2022-09-04 20:39:58'),
(990, 3, 6, 9, 13, 23, 6.8, '2022-09-04 20:39:59', '2022-09-04 20:39:59'),
(991, 3, 6, 9, 13, 26, 6.7, '2022-09-04 20:40:09', '2022-09-04 20:40:09'),
(992, 3, 6, 9, 13, 27, 7.3, '2022-09-04 20:40:18', '2022-09-04 20:40:18'),
(993, 3, 6, 9, 13, 28, 7.4, '2022-09-04 20:40:28', '2022-09-04 20:40:28'),
(994, 3, 6, 9, 14, 1, 7.65, '2022-09-04 20:46:11', '2022-09-04 20:46:11'),
(995, 3, 6, 9, 14, 5, 6.5, '2022-09-04 20:46:19', '2022-09-04 20:46:19'),
(996, 3, 6, 9, 14, 6, 8.2, '2022-09-04 20:46:26', '2022-09-04 20:46:26'),
(997, 3, 6, 9, 14, 7, 7.85, '2022-09-04 20:46:33', '2022-09-04 20:46:33'),
(998, 3, 6, 9, 14, 8, 7.5, '2022-09-04 20:46:39', '2022-09-04 20:46:39'),
(999, 3, 6, 9, 14, 9, 6.75, '2022-09-04 20:46:46', '2022-09-04 20:46:46'),
(1000, 3, 6, 9, 14, 10, 7, '2022-09-04 20:46:52', '2022-09-04 20:46:52'),
(1001, 3, 6, 9, 14, 11, 7.5, '2022-09-04 20:46:58', '2022-09-04 20:46:58'),
(1002, 3, 6, 9, 14, 12, 6.95, '2022-09-04 20:47:05', '2022-09-04 20:47:05'),
(1003, 3, 6, 9, 21, 5, 6.05, '2022-09-04 20:47:06', '2022-09-04 20:47:06'),
(1004, 3, 6, 9, 21, 6, 7.2, '2022-09-04 20:47:13', '2022-09-04 20:47:13'),
(1005, 3, 6, 9, 14, 13, 8, '2022-09-04 20:47:14', '2022-09-04 20:47:14'),
(1006, 3, 6, 9, 21, 7, 6.5, '2022-09-04 20:47:20', '2022-09-04 20:47:20'),
(1007, 3, 6, 9, 14, 14, 6.5, '2022-09-04 20:47:23', '2022-09-04 20:47:23'),
(1008, 3, 6, 9, 21, 8, 6.55, '2022-09-04 20:47:26', '2022-09-04 20:47:26'),
(1009, 3, 6, 9, 21, 9, 7.4, '2022-09-04 20:47:33', '2022-09-04 20:47:33'),
(1010, 3, 6, 9, 14, 15, 8.25, '2022-09-04 20:47:38', '2022-09-04 20:47:38'),
(1011, 3, 6, 9, 21, 10, 7.1, '2022-09-04 20:47:39', '2022-09-04 20:47:39'),
(1012, 3, 6, 9, 21, 11, 6.8, '2022-09-04 20:47:46', '2022-09-04 20:47:46'),
(1013, 3, 6, 9, 14, 16, 8.5, '2022-09-04 20:47:46', '2022-09-04 20:47:46'),
(1014, 3, 6, 9, 21, 12, 6.7, '2022-09-04 20:47:50', '2022-09-04 20:47:50'),
(1015, 3, 6, 9, 14, 17, 8.1, '2022-09-04 20:47:56', '2022-09-04 20:47:56'),
(1016, 3, 6, 9, 21, 13, 7, '2022-09-04 20:47:56', '2022-09-04 20:47:56'),
(1017, 3, 6, 9, 21, 14, 7.1, '2022-09-04 20:48:02', '2022-09-04 20:48:02'),
(1018, 3, 6, 9, 14, 18, 8.4, '2022-09-04 20:48:06', '2022-09-04 20:48:10'),
(1019, 3, 6, 9, 21, 15, 7, '2022-09-04 20:48:09', '2022-09-04 20:48:09'),
(1020, 3, 6, 9, 21, 16, 7.8, '2022-09-04 20:48:15', '2022-09-04 20:48:15'),
(1021, 3, 6, 9, 14, 24, 8.65, '2022-09-04 20:48:18', '2022-09-04 20:48:18'),
(1022, 3, 6, 9, 21, 17, 6.2, '2022-09-04 20:48:20', '2022-09-04 20:48:20'),
(1023, 3, 6, 9, 14, 25, 8, '2022-09-04 20:48:21', '2022-09-04 20:48:21'),
(1024, 3, 6, 9, 21, 18, 7.15, '2022-09-04 20:48:27', '2022-09-04 20:48:27'),
(1025, 3, 6, 9, 14, 19, 8.55, '2022-09-04 20:48:31', '2022-09-04 20:48:31'),
(1026, 3, 6, 9, 21, 24, 8.8, '2022-09-04 20:48:33', '2022-09-04 20:48:33'),
(1027, 3, 6, 9, 14, 20, 8.2, '2022-09-04 20:48:38', '2022-09-04 20:48:38'),
(1028, 3, 6, 9, 21, 25, 7.3, '2022-09-04 20:48:38', '2022-09-04 20:48:38'),
(1029, 3, 6, 9, 21, 19, 8.9, '2022-09-04 20:48:44', '2022-09-04 20:48:44'),
(1030, 3, 6, 9, 14, 21, 7.8, '2022-09-04 20:48:45', '2022-09-04 20:48:45'),
(1031, 3, 6, 9, 21, 20, 8.7, '2022-09-04 20:48:49', '2022-09-04 20:48:49'),
(1032, 3, 6, 9, 14, 22, 7.75, '2022-09-04 20:48:50', '2022-09-04 20:48:50'),
(1033, 3, 6, 9, 21, 21, 7.8, '2022-09-04 20:48:55', '2022-09-04 20:48:55'),
(1034, 3, 6, 9, 14, 23, 9.5, '2022-09-04 20:48:56', '2022-09-04 20:48:56'),
(1035, 3, 6, 9, 14, 26, 8.35, '2022-09-04 20:49:01', '2022-09-04 20:49:01'),
(1036, 3, 6, 9, 21, 22, 8, '2022-09-04 20:49:01', '2022-09-04 20:49:01'),
(1037, 3, 6, 9, 14, 27, 7.75, '2022-09-04 20:49:07', '2022-09-04 20:49:07'),
(1038, 3, 6, 9, 21, 23, 8.9, '2022-09-04 20:49:07', '2022-09-04 20:49:07'),
(1039, 3, 6, 9, 14, 28, 9, '2022-09-04 20:49:10', '2022-09-04 20:49:14'),
(1040, 3, 6, 9, 21, 26, 8.1, '2022-09-04 20:49:13', '2022-09-04 20:49:13'),
(1041, 3, 6, 9, 21, 27, 9, '2022-09-04 20:49:17', '2022-09-04 20:49:17'),
(1042, 3, 6, 9, 21, 28, 9.1, '2022-09-04 20:49:22', '2022-09-04 20:49:22'),
(1043, 3, 7, 8, 21, 1, 7.07, '2022-09-04 20:53:23', '2022-09-04 20:53:23'),
(1044, 3, 7, 8, 15, 1, 8.3, '2022-09-04 20:53:58', '2022-09-04 20:54:25'),
(1045, 3, 7, 8, 14, 1, 9, '2022-09-04 20:54:01', '2022-09-04 20:54:03'),
(1046, 3, 7, 8, 9, 1, 9, '2022-09-04 20:54:05', '2022-09-04 20:54:05'),
(1047, 3, 7, 8, 14, 2, 9.5, '2022-09-04 20:55:05', '2022-09-04 20:55:05'),
(1048, 3, 7, 8, 21, 2, 7.16, '2022-09-04 20:55:19', '2022-09-04 20:55:19'),
(1049, 3, 7, 8, 15, 2, 8.5, '2022-09-04 20:55:24', '2022-09-04 20:55:24'),
(1050, 3, 7, 8, 9, 2, 8.6, '2022-09-04 20:55:33', '2022-09-04 20:55:33'),
(1051, 3, 7, 8, 9, 5, 8.4, '2022-09-04 20:56:05', '2022-09-04 20:56:05'),
(1052, 3, 7, 8, 14, 5, 8, '2022-09-04 20:56:07', '2022-09-04 20:56:07'),
(1053, 3, 7, 8, 21, 5, 7.03, '2022-09-04 20:56:25', '2022-09-04 20:56:25'),
(1054, 3, 7, 8, 15, 5, 8, '2022-09-04 20:56:33', '2022-09-04 20:56:33'),
(1055, 3, 7, 8, 9, 6, 8.3, '2022-09-04 20:56:34', '2022-09-04 20:56:34'),
(1056, 3, 7, 8, 14, 6, 7.75, '2022-09-04 20:56:53', '2022-09-04 20:56:53'),
(1057, 3, 7, 8, 21, 6, 7.07, '2022-09-04 20:56:55', '2022-09-04 20:56:55'),
(1058, 3, 7, 8, 15, 6, 8, '2022-09-04 20:56:59', '2022-09-04 20:56:59'),
(1059, 3, 7, 8, 21, 7, 7.08, '2022-09-04 20:57:38', '2022-09-04 20:57:38'),
(1060, 3, 7, 8, 14, 7, 7, '2022-09-04 20:57:44', '2022-09-04 20:57:44'),
(1061, 3, 7, 8, 9, 7, 8.5, '2022-09-04 20:57:58', '2022-09-04 20:57:58'),
(1062, 3, 7, 8, 15, 7, 8, '2022-09-04 20:58:06', '2022-09-04 20:58:06'),
(1063, 3, 7, 8, 21, 8, 7.03, '2022-09-04 20:58:27', '2022-09-04 20:58:27'),
(1064, 3, 7, 8, 9, 8, 8.3, '2022-09-04 20:58:36', '2022-09-04 20:58:36'),
(1065, 3, 7, 8, 14, 8, 8.25, '2022-09-04 20:58:39', '2022-09-04 20:58:39'),
(1066, 3, 7, 8, 15, 8, 8.1, '2022-09-04 20:58:46', '2022-09-04 20:58:46'),
(1067, 3, 7, 8, 21, 9, 7.27, '2022-09-04 20:59:10', '2022-09-04 20:59:17'),
(1068, 3, 7, 8, 15, 9, 8, '2022-09-04 20:59:33', '2022-09-04 20:59:33'),
(1069, 3, 7, 8, 14, 9, 8.35, '2022-09-04 20:59:40', '2022-09-04 20:59:40'),
(1070, 3, 7, 8, 9, 9, 8.8, '2022-09-04 20:59:40', '2022-09-04 21:21:25'),
(1071, 3, 7, 8, 14, 10, 9.25, '2022-09-04 21:00:10', '2022-09-04 21:00:23'),
(1072, 3, 7, 8, 21, 10, 7.19, '2022-09-04 21:00:27', '2022-09-04 21:00:32'),
(1073, 3, 7, 8, 15, 10, 7.9, '2022-09-04 21:00:42', '2022-09-04 21:00:42'),
(1074, 3, 7, 8, 21, 11, 6.9, '2022-09-04 21:01:02', '2022-09-04 21:01:02'),
(1075, 3, 7, 8, 9, 10, 8.3, '2022-09-04 21:01:12', '2022-09-04 21:01:12'),
(1076, 3, 7, 8, 15, 11, 7.7, '2022-09-04 21:01:22', '2022-09-04 21:01:22'),
(1077, 3, 7, 8, 9, 11, 8, '2022-09-04 21:01:38', '2022-09-04 21:01:38'),
(1078, 3, 7, 8, 21, 12, 7.06, '2022-09-04 21:01:52', '2022-09-04 21:01:52'),
(1079, 3, 7, 8, 14, 11, 8, '2022-09-04 21:01:55', '2022-09-04 21:01:55'),
(1080, 3, 7, 8, 9, 12, 8.2, '2022-09-04 21:02:09', '2022-09-04 21:02:09'),
(1081, 3, 7, 8, 15, 12, 8.3, '2022-09-04 21:02:15', '2022-09-04 21:02:15'),
(1082, 3, 7, 8, 14, 12, 8, '2022-09-04 21:02:21', '2022-09-04 21:02:21'),
(1083, 3, 7, 8, 21, 13, 8.5, '2022-09-04 21:03:08', '2022-09-04 21:18:30'),
(1084, 3, 7, 8, 14, 13, 9, '2022-09-04 21:03:14', '2022-09-04 21:03:14'),
(1085, 3, 7, 8, 9, 13, 8.6, '2022-09-04 21:03:17', '2022-09-04 21:03:17'),
(1086, 3, 7, 8, 15, 13, 8, '2022-09-04 21:03:22', '2022-09-04 21:03:22'),
(1087, 3, 7, 8, 14, 14, 8, '2022-09-04 21:04:00', '2022-09-04 21:04:00'),
(1088, 3, 7, 8, 15, 14, 7.9, '2022-09-04 21:04:09', '2022-09-04 21:04:09'),
(1089, 3, 7, 8, 9, 14, 8.5, '2022-09-04 21:04:15', '2022-09-04 21:04:15'),
(1090, 3, 7, 8, 21, 14, 7.43, '2022-09-04 21:04:16', '2022-09-04 21:04:16'),
(1091, 3, 7, 8, 21, 15, 7.55, '2022-09-04 21:05:04', '2022-09-04 21:05:04'),
(1092, 3, 7, 8, 14, 15, 8.25, '2022-09-04 21:05:10', '2022-09-04 21:05:10'),
(1093, 3, 7, 8, 15, 15, 8.2, '2022-09-04 21:05:16', '2022-09-04 21:05:34'),
(1094, 3, 7, 8, 9, 15, 8.4, '2022-09-04 21:05:21', '2022-09-04 21:05:21'),
(1095, 3, 7, 8, 15, 16, 8.4, '2022-09-04 21:06:24', '2022-09-04 21:06:24'),
(1096, 3, 7, 8, 9, 16, 8.6, '2022-09-04 21:06:29', '2022-09-04 21:06:29'),
(1097, 3, 7, 8, 21, 17, 7.39, '2022-09-04 21:07:05', '2022-09-04 21:07:05'),
(1098, 3, 7, 8, 9, 17, 8, '2022-09-04 21:07:11', '2022-09-04 21:07:11'),
(1099, 3, 7, 8, 15, 17, 8.2, '2022-09-04 21:07:18', '2022-09-04 21:07:18'),
(1100, 3, 7, 8, 21, 18, 7.42, '2022-09-04 21:08:01', '2022-09-04 21:08:01'),
(1101, 3, 7, 8, 9, 18, 9.1, '2022-09-04 21:08:18', '2022-09-04 21:20:13'),
(1102, 3, 7, 8, 15, 18, 8.4, '2022-09-04 21:08:35', '2022-09-04 21:08:35'),
(1103, 3, 7, 8, 21, 24, 8.11, '2022-09-04 21:09:00', '2022-09-04 21:09:00'),
(1104, 3, 7, 8, 9, 24, 9.1, '2022-09-04 21:09:08', '2022-09-04 21:09:08'),
(1105, 3, 7, 8, 15, 24, 8.1, '2022-09-04 21:09:25', '2022-09-04 21:09:25'),
(1106, 3, 7, 8, 21, 25, 7.46, '2022-09-04 21:09:45', '2022-09-04 21:09:45'),
(1107, 3, 7, 8, 15, 25, 7.8, '2022-09-04 21:09:54', '2022-09-04 21:09:54'),
(1108, 3, 7, 8, 9, 25, 8.9, '2022-09-04 21:10:03', '2022-09-04 21:10:03'),
(1109, 3, 7, 8, 14, 19, 9.5, '2022-09-04 21:10:47', '2022-09-04 21:10:47'),
(1110, 3, 7, 8, 15, 19, 8.7, '2022-09-04 21:10:50', '2022-09-04 21:11:30'),
(1111, 3, 7, 8, 14, 16, 9, '2022-09-04 21:11:03', '2022-09-04 21:11:03'),
(1112, 3, 7, 8, 21, 19, 8.25, '2022-09-04 21:11:06', '2022-09-04 21:11:06'),
(1113, 3, 7, 8, 9, 19, 9, '2022-09-04 21:11:08', '2022-09-04 21:11:08'),
(1114, 3, 7, 8, 14, 17, 9.2, '2022-09-04 21:11:09', '2022-09-04 21:11:09'),
(1115, 3, 7, 8, 14, 18, 9.35, '2022-09-04 21:11:17', '2022-09-04 21:11:20'),
(1116, 3, 7, 8, 21, 20, 8.13, '2022-09-04 21:11:34', '2022-09-04 21:11:34'),
(1117, 3, 7, 8, 15, 20, 8.1, '2022-09-04 21:11:37', '2022-09-04 21:11:37'),
(1118, 3, 7, 8, 14, 24, 9.75, '2022-09-04 21:11:38', '2022-09-04 21:11:38'),
(1119, 3, 7, 8, 14, 25, 7.85, '2022-09-04 21:11:47', '2022-09-04 21:11:47'),
(1120, 3, 7, 8, 14, 20, 8.75, '2022-09-04 21:11:55', '2022-09-04 21:11:55'),
(1121, 3, 7, 8, 9, 20, 8.4, '2022-09-04 21:11:58', '2022-09-04 21:12:55'),
(1122, 3, 7, 8, 21, 21, 8.2, '2022-09-04 21:12:26', '2022-09-04 21:12:26'),
(1123, 3, 7, 8, 14, 21, 7.75, '2022-09-04 21:12:42', '2022-09-04 21:12:42'),
(1124, 3, 7, 8, 15, 21, 8.1, '2022-09-04 21:12:44', '2022-09-04 21:12:44'),
(1125, 3, 7, 8, 21, 22, 7.59, '2022-09-04 21:13:02', '2022-09-04 21:13:02'),
(1126, 3, 7, 8, 14, 22, 9.1, '2022-09-04 21:13:19', '2022-09-04 21:13:19'),
(1127, 3, 7, 8, 9, 21, 8.2, '2022-09-04 21:13:21', '2022-09-04 21:13:21'),
(1128, 3, 7, 8, 15, 22, 7.8, '2022-09-04 21:13:24', '2022-09-04 21:13:24'),
(1129, 3, 7, 8, 9, 22, 8.1, '2022-09-04 21:13:48', '2022-09-04 21:13:48'),
(1130, 3, 7, 8, 21, 23, 9.03, '2022-09-04 21:14:03', '2022-09-04 21:14:03'),
(1131, 3, 7, 8, 14, 23, 9, '2022-09-04 21:14:10', '2022-09-04 21:14:10'),
(1132, 3, 7, 8, 15, 23, 8.3, '2022-09-04 21:14:16', '2022-09-04 21:14:16'),
(1133, 3, 7, 8, 9, 23, 9.3, '2022-09-04 21:14:27', '2022-09-04 21:14:27'),
(1134, 3, 7, 8, 21, 26, 7, '2022-09-04 21:14:49', '2022-09-04 21:14:49'),
(1135, 3, 7, 8, 9, 26, 8.7, '2022-09-04 21:15:31', '2022-09-04 21:15:31'),
(1136, 3, 7, 8, 15, 26, 8.4, '2022-09-04 21:15:54', '2022-09-04 21:15:54'),
(1137, 3, 7, 8, 14, 26, 8.45, '2022-09-04 21:15:55', '2022-09-04 21:15:55'),
(1138, 3, 7, 8, 21, 27, 7.41, '2022-09-04 21:16:15', '2022-09-04 21:16:15'),
(1139, 3, 7, 8, 14, 27, 9.15, '2022-09-04 21:17:23', '2022-09-04 21:17:23'),
(1140, 3, 7, 8, 13, 1, 8, '2022-09-04 21:17:31', '2022-09-04 21:17:31'),
(1141, 3, 7, 8, 9, 27, 9, '2022-09-04 21:17:37', '2022-09-04 21:22:08'),
(1142, 3, 7, 8, 13, 2, 8.5, '2022-09-04 21:17:42', '2022-09-04 21:17:42'),
(1143, 3, 7, 8, 15, 27, 8.2, '2022-09-04 21:17:45', '2022-09-04 21:17:45'),
(1144, 3, 7, 8, 13, 5, 7.5, '2022-09-04 21:17:55', '2022-09-04 21:17:55'),
(1145, 3, 7, 8, 21, 28, 8.21, '2022-09-04 21:18:04', '2022-09-04 21:18:04'),
(1146, 3, 7, 8, 13, 6, 7.9, '2022-09-04 21:18:09', '2022-09-04 21:18:09'),
(1147, 3, 7, 8, 14, 28, 9.55, '2022-09-04 21:18:47', '2022-09-04 21:18:47'),
(1148, 3, 7, 8, 13, 7, 7.5, '2022-09-04 21:18:48', '2022-09-04 21:18:48'),
(1149, 3, 7, 8, 15, 28, 8.5, '2022-09-04 21:18:50', '2022-09-04 21:18:50'),
(1150, 3, 7, 8, 13, 8, 8.1, '2022-09-04 21:18:59', '2022-09-04 21:18:59'),
(1151, 3, 7, 8, 13, 9, 8.7, '2022-09-04 21:19:09', '2022-09-04 21:19:09'),
(1152, 3, 7, 8, 9, 28, 9, '2022-09-04 21:19:15', '2022-09-04 21:19:15'),
(1153, 3, 7, 8, 13, 10, 7.6, '2022-09-04 21:19:22', '2022-09-04 21:19:22'),
(1154, 3, 7, 8, 13, 11, 8.7, '2022-09-04 21:19:34', '2022-09-04 21:19:34'),
(1155, 3, 7, 8, 13, 12, 8.6, '2022-09-04 21:19:43', '2022-09-04 21:19:43'),
(1156, 3, 7, 8, 21, 16, 7.97, '2022-09-04 21:19:49', '2022-09-04 21:19:49'),
(1157, 3, 7, 8, 13, 13, 7.4, '2022-09-04 21:19:57', '2022-09-04 21:19:57'),
(1158, 3, 7, 8, 13, 14, 7.3, '2022-09-04 21:20:18', '2022-09-04 21:20:18'),
(1159, 3, 7, 8, 13, 15, 7.6, '2022-09-04 21:20:29', '2022-09-04 21:20:29'),
(1160, 3, 7, 8, 13, 16, 8.1, '2022-09-04 21:21:43', '2022-09-04 21:21:43'),
(1161, 3, 7, 8, 13, 17, 7.35, '2022-09-04 21:21:55', '2022-09-04 21:21:55'),
(1162, 3, 7, 8, 13, 18, 8.3, '2022-09-04 21:22:10', '2022-09-04 21:22:10'),
(1163, 3, 7, 8, 13, 24, 7.8, '2022-09-04 21:22:20', '2022-09-04 21:22:20'),
(1164, 3, 7, 8, 13, 25, 7.9, '2022-09-04 21:22:33', '2022-09-04 21:22:33'),
(1165, 3, 7, 8, 13, 19, 7.85, '2022-09-04 21:22:47', '2022-09-04 21:22:47'),
(1166, 3, 7, 8, 13, 20, 7.6, '2022-09-04 21:22:58', '2022-09-04 21:22:58'),
(1167, 3, 7, 8, 13, 21, 7.7, '2022-09-04 21:23:11', '2022-09-04 21:23:11'),
(1168, 3, 7, 8, 13, 22, 7.5, '2022-09-04 21:23:26', '2022-09-04 21:23:26'),
(1169, 3, 7, 8, 13, 23, 7.75, '2022-09-04 21:23:40', '2022-09-04 21:23:40'),
(1170, 3, 7, 8, 13, 26, 7.9, '2022-09-04 21:23:56', '2022-09-04 21:23:56'),
(1171, 3, 7, 8, 13, 27, 8.2, '2022-09-04 21:24:11', '2022-09-04 21:24:11'),
(1172, 3, 7, 8, 13, 28, 8.3, '2022-09-04 21:24:29', '2022-09-04 21:24:29'),
(1173, 6, 12, 15, 9, 28, 8.7, '2022-09-04 21:56:09', '2022-09-04 21:56:09'),
(1174, 6, 12, 15, 21, 28, 8.31, '2022-09-04 21:56:11', '2022-09-04 21:56:11'),
(1175, 6, 12, 15, 15, 28, 7.5, '2022-09-04 21:56:12', '2022-09-04 21:56:12'),
(1176, 6, 12, 15, 9, 23, 8.77, '2022-09-04 21:58:26', '2022-09-04 21:59:16'),
(1177, 6, 12, 15, 15, 23, 9, '2022-09-04 21:58:38', '2022-09-04 21:58:38'),
(1178, 6, 12, 15, 21, 23, 8.58, '2022-09-04 21:58:39', '2022-09-04 21:58:39'),
(1179, 6, 12, 15, 9, 24, 8.4, '2022-09-04 22:00:35', '2022-09-04 22:00:35'),
(1180, 6, 12, 15, 15, 24, 5.5, '2022-09-04 22:00:42', '2022-09-04 22:00:42'),
(1181, 6, 12, 15, 21, 24, 7.95, '2022-09-04 22:00:49', '2022-09-04 22:00:49'),
(1182, 6, 12, 15, 9, 27, 8, '2022-09-04 22:02:17', '2022-09-04 22:02:17'),
(1183, 6, 12, 15, 14, 28, 8, '2022-09-04 22:02:21', '2022-09-04 22:13:40'),
(1184, 6, 12, 15, 15, 27, 6.5, '2022-09-04 22:02:25', '2022-09-04 22:02:25'),
(1185, 6, 12, 15, 21, 27, 8.28, '2022-09-04 22:02:30', '2022-09-04 22:02:30'),
(1186, 6, 12, 15, 14, 27, 7.5, '2022-09-04 22:02:35', '2022-09-04 22:02:35'),
(1187, 6, 12, 15, 14, 23, 9, '2022-09-04 22:02:46', '2022-09-04 22:02:46'),
(1188, 6, 12, 15, 9, 2, 8.3, '2022-09-04 22:04:04', '2022-09-04 22:04:04'),
(1189, 6, 12, 15, 15, 2, 7.8, '2022-09-04 22:04:17', '2022-09-04 22:04:17'),
(1190, 6, 12, 15, 21, 2, 8.64, '2022-09-04 22:04:25', '2022-09-04 22:06:29'),
(1191, 6, 12, 15, 14, 2, 8.75, '2022-09-04 22:04:32', '2022-09-04 22:04:32'),
(1192, 6, 12, 15, 14, 24, 7, '2022-09-04 22:04:41', '2022-09-04 22:04:41'),
(1193, 6, 12, 15, 9, 19, 8.3, '2022-09-04 22:08:12', '2022-09-04 22:08:12'),
(1194, 6, 12, 15, 21, 19, 8.62, '2022-09-04 22:08:27', '2022-09-04 22:08:27'),
(1195, 6, 12, 15, 15, 19, 7.2, '2022-09-04 22:08:36', '2022-09-04 22:08:36'),
(1196, 6, 12, 15, 21, 18, 6.6, '2022-09-04 22:09:47', '2022-09-04 22:09:47'),
(1197, 6, 12, 15, 9, 18, 8.6, '2022-09-04 22:09:49', '2022-09-04 22:09:49'),
(1198, 6, 12, 15, 15, 18, 7, '2022-09-04 22:09:57', '2022-09-04 22:14:25'),
(1199, 6, 12, 15, 15, 26, 7, '2022-09-04 22:11:34', '2022-09-04 22:11:34'),
(1200, 6, 12, 15, 9, 26, 8.9, '2022-09-04 22:11:38', '2022-09-04 22:11:38'),
(1201, 6, 12, 15, 21, 26, 8.09, '2022-09-04 22:11:46', '2022-09-04 22:11:46'),
(1202, 6, 12, 15, 14, 19, 8.3, '2022-09-04 22:12:19', '2022-09-04 22:12:19'),
(1203, 6, 12, 15, 14, 15, 9.5, '2022-09-04 22:12:54', '2022-09-04 22:14:47'),
(1204, 6, 12, 15, 15, 15, 8.5, '2022-09-04 22:12:59', '2022-09-04 22:12:59'),
(1205, 6, 12, 15, 9, 15, 9.1, '2022-09-04 22:13:00', '2022-09-04 22:13:00'),
(1206, 6, 12, 15, 21, 15, 9.01, '2022-09-04 22:13:07', '2022-09-04 22:13:07'),
(1207, 6, 12, 15, 14, 18, 6.5, '2022-09-04 22:13:11', '2022-09-04 22:13:11'),
(1208, 6, 12, 15, 14, 26, 8.5, '2022-09-04 22:13:20', '2022-09-04 22:13:20'),
(1209, 6, 12, 15, 13, 1, 8.6, '2022-09-04 22:14:26', '2022-09-04 22:14:26'),
(1210, 6, 12, 15, 9, 1, 9, '2022-09-04 22:14:35', '2022-09-04 22:14:35'),
(1211, 6, 12, 15, 13, 2, 8.3, '2022-09-04 22:14:36', '2022-09-04 22:14:46'),
(1212, 6, 12, 15, 14, 1, 9, '2022-09-04 22:14:36', '2022-09-04 22:15:00'),
(1213, 6, 12, 15, 15, 1, 8.3, '2022-09-04 22:14:38', '2022-09-04 22:14:38'),
(1214, 6, 12, 15, 21, 1, 9.15, '2022-09-04 22:14:57', '2022-09-04 22:14:57'),
(1215, 6, 12, 15, 13, 15, 8.4, '2022-09-04 22:15:10', '2022-09-04 22:15:10'),
(1216, 6, 12, 15, 13, 18, 6.7, '2022-09-04 22:15:29', '2022-09-04 22:15:29'),
(1217, 6, 12, 15, 13, 24, 6.8, '2022-09-04 22:15:42', '2022-09-04 22:15:42'),
(1218, 6, 12, 15, 13, 19, 6.5, '2022-09-04 22:15:56', '2022-09-04 22:15:56'),
(1219, 6, 12, 15, 13, 23, 8.5, '2022-09-04 22:16:12', '2022-09-04 22:16:12'),
(1220, 6, 12, 15, 13, 26, 6.9, '2022-09-04 22:16:29', '2022-09-04 22:16:29'),
(1221, 6, 12, 15, 13, 27, 7.5, '2022-09-04 22:16:45', '2022-09-04 22:16:45'),
(1222, 6, 12, 15, 13, 28, 7, '2022-09-04 22:16:59', '2022-09-04 22:16:59'),
(1223, 5, 11, 14, 15, 23, 8.3, '2022-09-04 22:36:02', '2022-09-04 22:48:24'),
(1224, 5, 11, 14, 21, 23, 9.45, '2022-09-04 22:36:04', '2022-09-04 22:36:17'),
(1225, 5, 11, 14, 21, 15, 9.05, '2022-09-04 22:39:30', '2022-09-04 22:39:30'),
(1226, 5, 11, 14, 21, 2, 9.82, '2022-09-04 22:41:48', '2022-09-04 22:41:48'),
(1227, 5, 11, 14, 21, 28, 9.56, '2022-09-04 22:43:53', '2022-09-04 22:43:53'),
(1228, 5, 11, 14, 15, 15, 6.5, '2022-09-04 22:45:13', '2022-09-04 22:45:13'),
(1229, 5, 11, 14, 13, 1, 7.8, '2022-09-04 22:45:49', '2022-09-04 22:45:49'),
(1230, 5, 11, 14, 13, 2, 9.5, '2022-09-04 22:46:03', '2022-09-04 22:46:03'),
(1231, 5, 11, 14, 13, 15, 7.5, '2022-09-04 22:46:13', '2022-09-04 22:46:13'),
(1232, 5, 11, 14, 15, 1, 7, '2022-09-04 22:46:16', '2022-09-04 22:46:16'),
(1233, 5, 11, 14, 21, 1, 9.86, '2022-09-04 22:46:22', '2022-09-04 22:46:36'),
(1234, 5, 11, 14, 13, 23, 9, '2022-09-04 22:46:25', '2022-09-04 22:46:25'),
(1235, 5, 11, 14, 15, 28, 7, '2022-09-04 22:46:26', '2022-09-04 22:46:26'),
(1236, 5, 11, 14, 15, 2, 8.5, '2022-09-04 22:46:37', '2022-09-04 22:46:51'),
(1237, 5, 11, 14, 13, 28, 7, '2022-09-04 22:46:39', '2022-09-04 22:46:39'),
(1238, 5, 11, 14, 9, 1, 9.8, '2022-09-04 22:48:36', '2022-09-04 22:48:36'),
(1239, 5, 11, 14, 14, 23, 10, '2022-09-04 22:49:02', '2022-09-04 22:49:02'),
(1240, 5, 11, 14, 9, 2, 9.7, '2022-09-04 22:49:06', '2022-09-04 22:49:06'),
(1241, 5, 11, 14, 14, 2, 9, '2022-09-04 22:49:13', '2022-09-04 22:49:13'),
(1242, 5, 11, 14, 14, 1, 7.5, '2022-09-04 22:49:20', '2022-09-04 22:49:20'),
(1243, 5, 11, 14, 14, 15, 8.5, '2022-09-04 22:49:30', '2022-09-04 22:49:30'),
(1244, 5, 11, 14, 9, 15, 9, '2022-09-04 22:49:37', '2022-09-04 22:51:41'),
(1245, 5, 11, 14, 14, 28, 8, '2022-09-04 22:49:37', '2022-09-04 22:49:37'),
(1246, 5, 11, 14, 9, 23, 9.6, '2022-09-04 22:50:08', '2022-09-04 22:51:19'),
(1247, 5, 11, 14, 9, 28, 8.9, '2022-09-04 22:50:49', '2022-09-04 22:50:49');

-- --------------------------------------------------------

--
-- Table structure for table `tabs_users`
--

CREATE TABLE `tabs_users` (
  `tabs_user_id` int(10) NOT NULL,
  `tabs_user_code` varchar(30) NOT NULL,
  `tabs_full_name` varchar(255) NOT NULL,
  `tabs_username` varchar(50) NOT NULL,
  `tabs_password` varchar(100) NOT NULL,
  `tabs_user_type` int(5) NOT NULL,
  `tabs_user_status` int(1) NOT NULL,
  `tabs_user_profile_img` text NOT NULL,
  `tabs_event_id` int(11) NOT NULL,
  `tabs_user_created` datetime NOT NULL,
  `tabs_user_updated` datetime NOT NULL
) ENGINE=InnoDB DEFAULT CHARSET=latin1 ROW_FORMAT=COMPACT;

--
-- Dumping data for table `tabs_users`
--

INSERT INTO `tabs_users` (`tabs_user_id`, `tabs_user_code`, `tabs_full_name`, `tabs_username`, `tabs_password`, `tabs_user_type`, `tabs_user_status`, `tabs_user_profile_img`, `tabs_event_id`, `tabs_user_created`, `tabs_user_updated`) VALUES
(1, '0', 'hotkopi', 'dev', 'gozElr3tOF4jED67gzd4r2smH2NWy83w+P89isjSSgM=', 0, 0, '', 0, '2022-08-04 00:00:00', '2022-09-04 14:24:33'),
(8, '20220804171234lPKZlLkU', 'joane may delima', 'joanemay', 'KYbhfSccmfgV6lsb1k23tk6Fz98VuKKfHX24W3k9F1Y=', 0, 0, '', 0, '2022-08-04 17:12:34', '2022-08-04 17:12:34'),
(9, '20220806004654pcNlHHeq', 'CRISTY C. EPE', 'judge1', 'KYbhfSccmfgV6lsb1k23tk6Fz98VuKKfHX24W3k9F1Y=', 1, 0, '', 5, '2022-08-06 00:46:54', '2022-09-04 22:19:50'),
(10, '20220831141717ITDhGPPj', 'lebron james', 'lebrons', 'As2CKbjBIK6Ll6wvk2RGYuFqk1xs0seZfmHSsIrZdwM=', 0, 0, '', 0, '2022-08-31 14:17:17', '2022-08-31 14:17:17'),
(13, '20220831162011g2C4Mqyy', 'FISCAL ELEANOR DELA PEÑA', 'judge2', 'KYbhfSccmfgV6lsb1k23tk6Fz98VuKKfHX24W3k9F1Y=', 1, 0, '', 5, '2022-08-31 16:20:11', '2022-09-04 22:19:56'),
(14, '20220901100320k7vRRjKW', 'NIKKI TAN', 'judge3', 'KYbhfSccmfgV6lsb1k23tk6Fz98VuKKfHX24W3k9F1Y=', 1, 0, '', 5, '2022-09-01 10:03:20', '2022-09-04 22:20:12'),
(15, '202209011004037LiiqoMT', 'KAISER BOADO', 'judge4', 'KYbhfSccmfgV6lsb1k23tk6Fz98VuKKfHX24W3k9F1Y=', 1, 0, '', 5, '2022-09-01 10:04:03', '2022-09-04 22:20:01'),
(16, '20220901100442QcNDrm9v', 'ATTY. IVY LURICA', 'Judge101', 'KYbhfSccmfgV6lsb1k23tk6Fz98VuKKfHX24W3k9F1Y=', 1, 0, '', 4, '2022-09-01 10:04:42', '2022-09-04 16:13:08'),
(17, '202209011005097EJTCFoB', 'DR. TITO ENDRINA', 'Judge102', 'yeX3voMFLW9XPAD8IBBNr3J0mTSMM8WBkUZrUTei/AY=', 1, 0, '', 4, '2022-09-01 10:05:09', '2022-09-04 15:59:59'),
(18, '20220901100526VLj0zyaM', 'DR. CLARENCE PILLERIN', 'Judge103', 'PovpT6w6wRZ6INjv54qFj6CCPLP6d8fp9s2KQz+qa3c=', 1, 0, '', 4, '2022-09-01 10:05:26', '2022-09-04 16:00:06'),
(19, '202209011005428GJa9KQG', 'ATTY. TRIZIA PAULINO', 'Judge104', 'FREarxe6YKInyiCPof7Q3gNpjNViVKViexZzqyTO/BY=', 1, 0, '', 4, '2022-09-01 10:05:42', '2022-09-04 15:59:53'),
(20, '20220901100559eYjaK92i', 'GERVASIO R. SALINAS, JR., PHD ', 'Judge105', 'mGgBCH2iJGYkBCt9s1zUPMfnxkaWEuEXxdkcSOrrAEI=', 1, 0, '', 4, '2022-09-01 10:05:59', '2022-09-04 16:00:13'),
(21, '20220902141127PZUeaBgN', 'RODERICK VILAN', 'judge5', 'KYbhfSccmfgV6lsb1k23tk6Fz98VuKKfHX24W3k9F1Y=', 1, 0, '', 5, '2022-09-02 14:11:27', '2022-09-04 22:20:16');

--
-- Indexes for dumped tables
--

--
-- Indexes for table `tabs_candidates`
--
ALTER TABLE `tabs_candidates`
  ADD PRIMARY KEY (`tabs_can_id`);

--
-- Indexes for table `tabs_categories`
--
ALTER TABLE `tabs_categories`
  ADD PRIMARY KEY (`tabs_cat_id`);

--
-- Indexes for table `tabs_criterias`
--
ALTER TABLE `tabs_criterias`
  ADD PRIMARY KEY (`tabs_cri_id`);

--
-- Indexes for table `tabs_events`
--
ALTER TABLE `tabs_events`
  ADD PRIMARY KEY (`tabs_event_id`);

--
-- Indexes for table `tabs_my_project`
--
ALTER TABLE `tabs_my_project`
  ADD PRIMARY KEY (`tabs_project`);

--
-- Indexes for table `tabs_notification`
--
ALTER TABLE `tabs_notification`
  ADD PRIMARY KEY (`tabs_notif_id`);

--
-- Indexes for table `tabs_results`
--
ALTER TABLE `tabs_results`
  ADD PRIMARY KEY (`tabs_result_id`);

--
-- Indexes for table `tabs_users`
--
ALTER TABLE `tabs_users`
  ADD PRIMARY KEY (`tabs_user_id`);

--
-- AUTO_INCREMENT for dumped tables
--

--
-- AUTO_INCREMENT for table `tabs_candidates`
--
ALTER TABLE `tabs_candidates`
  MODIFY `tabs_can_id` int(11) NOT NULL AUTO_INCREMENT, AUTO_INCREMENT=29;

--
-- AUTO_INCREMENT for table `tabs_categories`
--
ALTER TABLE `tabs_categories`
  MODIFY `tabs_cat_id` int(11) NOT NULL AUTO_INCREMENT, AUTO_INCREMENT=13;

--
-- AUTO_INCREMENT for table `tabs_criterias`
--
ALTER TABLE `tabs_criterias`
  MODIFY `tabs_cri_id` int(11) NOT NULL AUTO_INCREMENT, AUTO_INCREMENT=16;

--
-- AUTO_INCREMENT for table `tabs_events`
--
ALTER TABLE `tabs_events`
  MODIFY `tabs_event_id` int(11) NOT NULL AUTO_INCREMENT, AUTO_INCREMENT=7;

--
-- AUTO_INCREMENT for table `tabs_my_project`
--
ALTER TABLE `tabs_my_project`
  MODIFY `tabs_project` int(1) NOT NULL AUTO_INCREMENT, AUTO_INCREMENT=2;

--
-- AUTO_INCREMENT for table `tabs_notification`
--
ALTER TABLE `tabs_notification`
  MODIFY `tabs_notif_id` int(100) NOT NULL AUTO_INCREMENT, AUTO_INCREMENT=222;

--
-- AUTO_INCREMENT for table `tabs_results`
--
ALTER TABLE `tabs_results`
  MODIFY `tabs_result_id` int(11) NOT NULL AUTO_INCREMENT, AUTO_INCREMENT=1248;

--
-- AUTO_INCREMENT for table `tabs_users`
--
ALTER TABLE `tabs_users`
  MODIFY `tabs_user_id` int(10) NOT NULL AUTO_INCREMENT, AUTO_INCREMENT=22;
COMMIT;

/*!40101 SET CHARACTER_SET_CLIENT=@OLD_CHARACTER_SET_CLIENT */;
/*!40101 SET CHARACTER_SET_RESULTS=@OLD_CHARACTER_SET_RESULTS */;
/*!40101 SET COLLATION_CONNECTION=@OLD_COLLATION_CONNECTION */;
