-- phpMyAdmin SQL Dump
-- version 4.8.3
-- https://www.phpmyadmin.net/
--
-- Host: 127.0.0.1
-- Generation Time: Sep 03, 2022 at 11:50 AM
-- Server version: 10.1.36-MariaDB
-- PHP Version: 7.0.32

SET SQL_MODE = "NO_AUTO_VALUE_ON_ZERO";
SET AUTOCOMMIT = 0;
START TRANSACTION;
SET time_zone = "+00:00";


/*!40101 SET @OLD_CHARACTER_SET_CLIENT=@@CHARACTER_SET_CLIENT */;
/*!40101 SET @OLD_CHARACTER_SET_RESULTS=@@CHARACTER_SET_RESULTS */;
/*!40101 SET @OLD_COLLATION_CONNECTION=@@COLLATION_CONNECTION */;
/*!40101 SET NAMES utf8mb4 */;

--
-- Database: `tabulation_datacenter`
--

-- --------------------------------------------------------

--
-- Table structure for table `tabs_candidates`
--

CREATE TABLE `tabs_candidates` (
  `tabs_can_id` int(11) NOT NULL,
  `tabs_can_number` int(11) NOT NULL,
  `tabs_can_name` text NOT NULL,
  `tabs_can_desc` text NOT NULL,
  `tabs_can_created` datetime NOT NULL,
  `tabs_event_id` int(11) NOT NULL
) ENGINE=InnoDB DEFAULT CHARSET=latin1;

--
-- Dumping data for table `tabs_candidates`
--

INSERT INTO `tabs_candidates` (`tabs_can_id`, `tabs_can_number`, `tabs_can_name`, `tabs_can_desc`, `tabs_can_created`, `tabs_event_id`) VALUES
(1, 1, 'Miss Aplaya', 'Miss Aplaya', '2022-08-31 17:04:49', 3),
(2, 2, 'Miss Balabag', 'Miss Balabag', '2022-08-31 17:20:42', 3),
(5, 3, 'Miss Binaton', 'Miss Binaton', '2022-09-01 11:06:07', 3),
(6, 4, 'Miss Cogon', 'Miss Cogon', '2022-09-01 11:06:29', 3),
(7, 5, 'Miss Colorado', 'Miss Colorado', '2022-09-01 11:07:06', 3),
(8, 6, 'Miss Dawis', 'Miss Dawis', '2022-09-01 11:07:25', 3),
(9, 7, 'Miss Dulangan', 'Miss Dulangan', '2022-09-01 11:07:52', 3),
(10, 8, 'Miss Goma', 'Miss Goma', '2022-09-01 11:08:25', 3),
(11, 9, 'Miss Igpit', 'Miss Igpit', '2022-09-01 11:09:05', 3),
(12, 10, 'Miss Kapatagan', 'Miss Kapatagan', '2022-09-01 11:09:29', 3),
(13, 11, 'Miss Kiagot', 'Miss Kiagot', '2022-09-01 11:10:26', 3),
(14, 12, 'Miss Lungag', 'Miss Lungag', '2022-09-01 11:11:03', 3),
(15, 13, 'Miss Mahayahay', 'Miss Mahayahay', '2022-09-01 11:11:40', 3),
(16, 14, 'Miss Matti', 'Miss Matti', '2022-09-01 11:14:10', 3),
(17, 15, 'Miss Ruparan', 'Miss Ruparan', '2022-09-01 11:14:45', 3),
(18, 16, 'Miss San Agustin', 'Miss San Agustin', '2022-09-01 11:15:23', 3),
(19, 19, 'Miss San Roque', 'Miss San Roque', '2022-09-01 11:15:50', 3),
(20, 20, 'Miss Sinaliwan', 'Miss Sinaliwan', '2022-09-01 11:16:41', 3),
(21, 21, 'Miss Soong', 'Miss Soong', '2022-09-01 11:17:26', 3),
(22, 22, 'Miss Tiguman', 'Miss Tiguman', '2022-09-01 11:17:44', 3),
(23, 23, 'Miss Tres de Mayo', 'Miss Tres de Mayo', '2022-09-01 11:18:06', 3),
(24, 17, 'Miss San Jose', 'Miss San Jose', '2022-09-01 11:24:25', 3),
(25, 18, 'Miss San Miguel', 'Miss San Miguel', '2022-09-01 11:24:50', 3),
(26, 24, 'Miss Zone 1', 'Miss Zone 1', '2022-09-01 11:25:12', 3),
(27, 25, 'Miss Zone 2', 'Miss Zone 2', '2022-09-01 11:25:28', 3),
(28, 26, 'Miss Zone 3', 'Miss Zone 3', '2022-09-01 11:25:46', 3);

-- --------------------------------------------------------

--
-- Table structure for table `tabs_categories`
--

CREATE TABLE `tabs_categories` (
  `tabs_cat_id` int(11) NOT NULL,
  `tabs_cat_title` text NOT NULL,
  `tabs_cat_percentage` double NOT NULL,
  `tabs_cat_status` int(1) NOT NULL,
  `tabs_event_id` int(11) NOT NULL
) ENGINE=InnoDB DEFAULT CHARSET=latin1;

--
-- Dumping data for table `tabs_categories`
--

INSERT INTO `tabs_categories` (`tabs_cat_id`, `tabs_cat_title`, `tabs_cat_percentage`, `tabs_cat_status`, `tabs_event_id`) VALUES
(5, 'Casual', 17.5, 0, 3),
(6, 'Swimwear', 17.5, 0, 3),
(7, 'Modern Filipiñana', 17.5, 0, 3),
(8, 'Gown', 17.5, 0, 3),
(9, 'Preliminary Interview', 30, 1, 3),
(10, 'Q & A', 20, 0, 4);

-- --------------------------------------------------------

--
-- Table structure for table `tabs_criterias`
--

CREATE TABLE `tabs_criterias` (
  `tabs_cri_id` int(11) NOT NULL,
  `tabs_cri_title` text NOT NULL,
  `tabs_cri_desc` text NOT NULL,
  `tabs_cri_score_min` int(11) NOT NULL,
  `tabs_cri_score_max` int(11) NOT NULL,
  `tabs_cri_percentage` double NOT NULL,
  `tabs_cat_id` int(11) NOT NULL
) ENGINE=InnoDB DEFAULT CHARSET=latin1;

--
-- Dumping data for table `tabs_criterias`
--

INSERT INTO `tabs_criterias` (`tabs_cri_id`, `tabs_cri_title`, `tabs_cri_desc`, `tabs_cri_score_min`, `tabs_cri_score_max`, `tabs_cri_percentage`, `tabs_cat_id`) VALUES
(3, 'Pronunciation', '', 5, 10, 0, 1),
(4, 'Delivery', '', 5, 10, 0, 1),
(5, 'Thought', '', 5, 10, 0, 1),
(7, 'Casual', 'Posture / Beauty', 5, 10, 0, 5),
(8, 'Modern Filipiñana ', '', 5, 10, 0, 7),
(9, 'Swimwear', '', 5, 10, 0, 6),
(10, 'Gown', '', 5, 10, 0, 8),
(11, 'Preliminary Interview', '', 5, 10, 0, 9);

-- --------------------------------------------------------

--
-- Table structure for table `tabs_events`
--

CREATE TABLE `tabs_events` (
  `tabs_event_id` int(11) NOT NULL,
  `tabs_event_title` text NOT NULL,
  `tabs_event_desc` text NOT NULL,
  `tabs_event_year` text NOT NULL,
  `tabs_event_status` int(1) NOT NULL,
  `tabs_event_created` datetime NOT NULL,
  `tabs_event_updated` datetime NOT NULL
) ENGINE=InnoDB DEFAULT CHARSET=latin1;

--
-- Dumping data for table `tabs_events`
--

INSERT INTO `tabs_events` (`tabs_event_id`, `tabs_event_title`, `tabs_event_desc`, `tabs_event_year`, `tabs_event_status`, `tabs_event_created`, `tabs_event_updated`) VALUES
(3, 'Mutya ng Digos 2022', 'mutya ng digos 2022', '2022', 1, '2022-08-31 15:57:15', '2022-09-01 10:13:02'),
(4, 'Sinag ng Digos 2022', 'sinag ng digos 2022', '2022', 0, '2022-09-01 09:59:18', '2022-09-01 09:59:18');

-- --------------------------------------------------------

--
-- Table structure for table `tabs_my_project`
--

CREATE TABLE `tabs_my_project` (
  `tabs_project` int(1) NOT NULL,
  `tabs_project_name` text NOT NULL,
  `tabs_project_address` text NOT NULL,
  `tabs_system_title` text NOT NULL,
  `tabs_year_origin` datetime NOT NULL
) ENGINE=InnoDB DEFAULT CHARSET=latin1 ROW_FORMAT=COMPACT;

--
-- Dumping data for table `tabs_my_project`
--

INSERT INTO `tabs_my_project` (`tabs_project`, `tabs_project_name`, `tabs_project_address`, `tabs_system_title`, `tabs_year_origin`) VALUES
(1, 'UM Tabulation Team', 'Digos City', '', '2022-08-31 11:27:07');

-- --------------------------------------------------------

--
-- Table structure for table `tabs_notification`
--

CREATE TABLE `tabs_notification` (
  `tabs_notif_id` int(100) NOT NULL,
  `tabs_notif_type` text NOT NULL,
  `tabs_notif_text` text NOT NULL,
  `tabs_notif_date` datetime NOT NULL
) ENGINE=InnoDB DEFAULT CHARSET=latin1 ROW_FORMAT=COMPACT;

--
-- Dumping data for table `tabs_notification`
--

INSERT INTO `tabs_notification` (`tabs_notif_id`, `tabs_notif_type`, `tabs_notif_text`, `tabs_notif_date`) VALUES
(1, 'auth', 'Login Notification by kent john', '2022-06-11 03:06:40'),
(2, 'auth', 'Login Notification by kent john', '2022-06-11 03:06:47'),
(3, 'auth', 'Login Notification by kent john', '2022-06-11 03:08:16'),
(4, 'auth', 'Logout by kent john', '2022-06-11 15:44:21'),
(5, 'auth', 'Login Attempt - asdasd', '2022-07-23 19:00:35'),
(6, 'auth', 'Login Attempt - asdad', '2022-07-23 19:00:41'),
(7, 'auth', 'Login Attempt - kjohn0319@gmail.com', '2022-07-23 19:01:11'),
(8, 'auth', 'Login Attempt - kjohn0319@gmail.com', '2022-07-23 19:01:19'),
(9, 'auth', 'Login Attempt - kjohn0319@gmail.com', '2022-07-23 19:02:40'),
(10, 'auth', 'Login - kjohn0319@gmail.com', '2022-07-23 19:06:05'),
(11, 'auth', 'Login - kjohn0319@gmail.com', '2022-07-24 14:11:33'),
(12, 'auth', 'Logout - root', '2022-07-24 14:35:43'),
(13, 'auth', 'Login - kjohn0319@gmail.com', '2022-07-24 14:35:49'),
(14, 'auth', 'Login - kjohn0319@gmail.com', '2022-07-24 16:14:54'),
(15, 'auth', 'Logout - root', '2022-07-24 16:25:05'),
(16, 'auth', 'Login - kjohn0319@gmail.com', '2022-07-24 16:28:59'),
(17, 'auth', 'Logout - root', '2022-07-24 16:29:04'),
(18, 'auth', 'Login - kjohn0319@gmail.com', '2022-07-24 16:29:17'),
(19, 'auth', 'Logout - root', '2022-07-24 16:29:20'),
(20, 'auth', 'Login - kjohn0319@gmail.com', '2022-07-24 16:30:00'),
(21, 'auth', 'Logout - root', '2022-07-24 23:16:32'),
(22, 'auth', 'Login - kjohn0319@gmail.com', '2022-07-24 23:16:38'),
(23, 'auth', 'Logout - root', '2022-07-25 00:09:23'),
(24, 'auth', 'Login Attempt - asdasd@asdasd', '2022-07-25 00:09:28'),
(25, 'auth', 'Login - kjohn0319@gmail.com', '2022-07-25 00:09:34'),
(26, 'auth', 'Logout - kjohn0319@gmail.com', '2022-07-25 00:10:12'),
(27, 'auth', 'Login - kjohn0319@gmail.com', '2022-07-25 00:10:18'),
(28, 'auth', 'Logout - kjohn0319@gmail.com', '2022-07-25 00:11:34'),
(29, 'attempt', 'Login Attempt - kjohn0319@gmail.com', '2022-07-25 00:11:39'),
(30, 'attempt', 'Login Attempt - kjohn0319@gmail.com', '2022-07-25 00:11:42'),
(31, 'auth', 'Login - kjohn0319@gmail.com', '2022-07-25 00:11:46'),
(32, 'auth', 'Login - kjohn0319@gmail.com', '2022-08-03 22:49:41'),
(33, 'auth', 'Logout - kjohn0319@gmail.com', '2022-08-03 22:51:47'),
(34, 'auth', 'Login - kjohn0319@gmail.com', '2022-08-03 22:52:20'),
(35, 'auth', 'Login - kjohn0319@gmail.com', '2022-08-04 14:51:12'),
(36, 'attempt', 'Login Attempt - kjohn0319@gmail.com', '2022-08-04 16:50:35'),
(37, 'attempt', 'Login Attempt - kjohn0319@gmail.com', '2022-08-04 16:50:44'),
(38, 'attempt', 'Login Attempt - kjohn0319@gmail.com', '2022-08-04 16:51:16'),
(39, 'auth', 'Login - kjohn0319@gmail.com', '2022-08-04 16:51:29'),
(40, 'auth', 'Logout - kjohn0319@gmail.com', '2022-08-04 17:49:06'),
(41, 'attempt', 'Login Attempt - 1', '2022-08-06 00:07:13'),
(42, 'attempt', 'Login Attempt - 1', '2022-08-06 00:07:18'),
(43, 'attempt', 'Login Attempt - 1', '2022-08-06 00:07:35'),
(44, 'attempt', 'Login Attempt - 1', '2022-08-06 00:12:12'),
(45, 'auth', 'Login - kjohn0319@gmail.com', '2022-08-06 00:13:05'),
(46, 'auth', 'Logout - kjohn0319@gmail.com', '2022-08-06 00:14:19'),
(47, 'auth', 'Login - kjohn0319@gmail.com', '2022-08-06 00:14:24'),
(48, 'auth', 'Logout - kjohn0319@gmail.com', '2022-08-06 00:49:18'),
(49, 'auth', 'Login - kjohn0319@gmail.com', '2022-08-06 13:22:54'),
(50, 'auth', 'Logout - kjohn0319@gmail.com', '2022-08-06 13:28:58'),
(51, 'attempt', 'Login Attempt - kjohnk0319@gmail.com', '2022-08-31 12:40:38'),
(52, 'auth', 'Login - kjohn0319@gmail.com', '2022-08-31 12:40:48'),
(53, 'auth', 'Login - kjohn0319@gmail.com', '2022-08-31 12:41:46'),
(54, 'auth', 'Login - kjohn0319@gmail.com', '2022-08-31 13:22:40'),
(55, 'auth', 'Login - kjohn0319@gmail.com', '2022-08-31 14:27:03'),
(56, 'auth', 'Logout - ', '2022-08-31 15:00:31'),
(57, 'auth', 'Logout - ', '2022-08-31 15:02:36'),
(58, 'auth', 'Login - kjohn0319@gmail.com', '2022-08-31 15:03:41'),
(59, 'auth', 'Login - kjohn0319@gmail.com', '2022-08-31 15:04:54'),
(60, 'auth', 'Logout - kjohn0319@gmail.com', '2022-08-31 15:04:55'),
(61, 'attempt', 'Login Attempt - kjohn0319@gmail.com', '2022-08-31 15:08:03'),
(62, 'auth', 'Login - kjohn0319@gmail.com', '2022-08-31 15:08:11'),
(63, 'auth', 'Logout - kjohn0319@gmail.com', '2022-08-31 15:12:25'),
(64, 'auth', 'Login - kjohn0319@gmail.com', '2022-08-31 15:12:41'),
(65, 'auth', 'Logout - kjohn0319@gmail.com', '2022-08-31 15:46:55'),
(66, 'auth', 'Login - kjohn0319@gmail.com', '2022-08-31 16:00:46'),
(67, 'auth', 'Login - kjohn0319@gmail.com', '2022-08-31 19:20:21'),
(68, 'auth', 'Login - kjohn0319@gmail.com', '2022-08-31 21:56:43'),
(69, 'auth', 'Logout - kjohn0319@gmail.com', '2022-09-01 09:58:15'),
(70, 'auth', 'Login - kjohn0319@gmail.com', '2022-09-01 09:58:38'),
(71, 'auth', 'Login - kjohn0319@gmail.com', '2022-09-01 09:59:17'),
(72, 'auth', 'Logout - kjohn0319@gmail.com', '2022-09-01 10:01:07'),
(73, 'auth', 'Login - joanemay', '2022-09-01 10:01:52'),
(74, 'auth', 'Logout - joanemay', '2022-09-01 10:05:41'),
(75, 'auth', 'Login - joanemay', '2022-09-01 10:05:50'),
(76, 'auth', 'Logout - joanemay', '2022-09-01 10:05:54'),
(77, 'auth', 'Login - kjohn0319@gmail.com', '2022-09-01 10:06:00'),
(78, 'auth', 'Logout - kjohn0319@gmail.com', '2022-09-01 10:07:42'),
(79, 'auth', 'Login - judge1', '2022-09-01 10:07:55'),
(80, 'auth', 'Login - kjohn0319@gmail.com', '2022-09-01 10:15:48'),
(81, 'auth', 'Login - kjohn0319@gmail.com', '2022-09-01 10:18:30'),
(82, 'auth', 'Logout - kjohn0319@gmail.com', '2022-09-01 15:31:40'),
(83, 'attempt', 'Login Attempt - judge2', '2022-09-01 15:31:50'),
(84, 'auth', 'Login - kjohn0319@gmail.com', '2022-09-01 15:32:17'),
(85, 'auth', 'Logout - kjohn0319@gmail.com', '2022-09-01 15:32:46'),
(86, 'auth', 'Login - judge2', '2022-09-01 15:32:54'),
(87, 'auth', 'Logout - judge2', '2022-09-01 16:14:13'),
(88, 'attempt', 'Login Attempt - judge3', '2022-09-01 16:14:26'),
(89, 'attempt', 'Login Attempt - judge 3', '2022-09-01 16:14:37'),
(90, 'attempt', 'Login Attempt - judge3', '2022-09-01 16:14:46'),
(91, 'auth', 'Login - kjohn0319@gmail.com', '2022-09-01 16:14:55'),
(92, 'auth', 'Logout - kjohn0319@gmail.com', '2022-09-01 16:15:17'),
(93, 'auth', 'Login - judge3', '2022-09-01 16:15:23'),
(94, 'auth', 'Login - kjohn0319@gmail.com', '2022-09-02 08:37:09'),
(95, 'auth', 'Login - kjohn0319@gmail.com', '2022-09-02 08:40:03'),
(96, 'auth', 'Login - kjohn0319@gmail.com', '2022-09-02 09:06:27'),
(97, 'attempt', 'Login Attempt - judge1', '2022-09-02 13:33:38'),
(98, 'auth', 'Login - judge1', '2022-09-02 13:33:46'),
(99, 'auth', 'Logout - judge1', '2022-09-02 14:01:10'),
(100, 'auth', 'Login - judge1', '2022-09-02 14:02:44'),
(101, 'auth', 'Login - judge1', '2022-09-02 14:17:06'),
(102, 'auth', 'Logout - judge1', '2022-09-02 14:17:12'),
(103, 'attempt', 'Login Attempt - judge5', '2022-09-02 14:17:32'),
(104, 'attempt', 'Login Attempt - judge5', '2022-09-02 14:20:44'),
(105, 'attempt', 'Login Attempt - judge5', '2022-09-02 14:20:58'),
(106, 'auth', 'Login - judge1', '2022-09-02 14:20:59'),
(107, 'auth', 'Login - judge4', '2022-09-02 14:21:09'),
(108, 'auth', 'Logout - judge4', '2022-09-02 14:21:35'),
(109, 'attempt', 'Login Attempt - judge5', '2022-09-02 14:21:46'),
(110, 'auth', 'Login - judge3', '2022-09-02 14:21:52'),
(111, 'auth', 'Login - judge1', '2022-09-02 14:24:06'),
(112, 'auth', 'Login - judge3', '2022-09-02 14:24:13'),
(113, 'attempt', 'Login Attempt - judge5', '2022-09-02 14:24:14'),
(114, 'auth', 'Login - judge2', '2022-09-02 14:24:19'),
(115, 'attempt', 'Login Attempt - judge5', '2022-09-02 14:24:23'),
(116, 'auth', 'Login - kjohn0319@gmail.com', '2022-09-02 14:24:34'),
(117, 'auth', 'Login - judge4', '2022-09-02 14:24:34'),
(118, 'attempt', 'Login Attempt - judge5', '2022-09-02 14:24:39'),
(119, 'attempt', 'Login Attempt - judge5', '2022-09-02 14:24:54'),
(120, 'attempt', 'Login Attempt - judge5', '2022-09-02 14:25:14'),
(121, 'auth', 'Login - judge5', '2022-09-02 14:25:38'),
(122, 'auth', 'Login - kjohn0319@gmail.com', '2022-09-02 14:30:20'),
(123, 'attempt', 'Login Attempt - judge6', '2022-09-02 14:57:53'),
(124, 'attempt', 'Login Attempt - admin', '2022-09-02 14:58:02'),
(125, 'attempt', 'Login Attempt - admin', '2022-09-02 14:58:53'),
(126, 'auth', 'Login - judge2', '2022-09-02 15:27:32'),
(127, 'auth', 'Logout - judge1', '2022-09-02 15:51:57'),
(128, 'auth', 'Logout - judge2', '2022-09-02 15:51:57'),
(129, 'auth', 'Login - kjohn0319@gmail.com', '2022-09-03 10:51:41'),
(130, 'auth', 'Logout - kjohn0319@gmail.com', '2022-09-03 11:49:42'),
(131, 'auth', 'Login - judge1', '2022-09-03 11:50:02'),
(132, 'auth', 'Login - kjohn0319@gmail.com', '2022-09-03 11:53:09'),
(133, 'auth', 'Logout - judge1', '2022-09-03 12:15:23'),
(134, 'auth', 'Login - kjohn0319@gmail.com', '2022-09-03 12:36:50'),
(135, 'auth', 'Logout - kjohn0319@gmail.com', '2022-09-03 12:56:27'),
(136, 'auth', 'Login - kjohn0319@gmail.com', '2022-09-03 12:56:34'),
(137, 'auth', 'Logout - kjohn0319@gmail.com', '2022-09-03 12:56:52'),
(138, 'attempt', 'Login Attempt - judge1', '2022-09-03 12:56:59'),
(139, 'auth', 'Login - judge1', '2022-09-03 12:57:07'),
(140, 'auth', 'Logout - kjohn0319@gmail.com', '2022-09-03 13:12:06'),
(141, 'auth', 'Login - judge1', '2022-09-03 13:12:12'),
(142, 'auth', 'Logout - judge1', '2022-09-03 15:24:56'),
(143, 'auth', 'Login - kjohn0319@gmail.com', '2022-09-03 15:25:48'),
(144, 'auth', 'Logout - judge1', '2022-09-03 17:16:31');

-- --------------------------------------------------------

--
-- Table structure for table `tabs_results`
--

CREATE TABLE `tabs_results` (
  `tabs_result_id` int(11) NOT NULL,
  `tabs_event_id` int(11) NOT NULL,
  `tabs_cat_id` int(11) NOT NULL,
  `tabs_cri_id` int(11) NOT NULL,
  `tabs_user_id` int(11) NOT NULL,
  `tabs_can_id` int(11) NOT NULL,
  `tabs_result_score` double NOT NULL,
  `tabs_result_created` datetime NOT NULL,
  `tabs_result_updated` datetime NOT NULL
) ENGINE=InnoDB DEFAULT CHARSET=latin1;

--
-- Dumping data for table `tabs_results`
--

INSERT INTO `tabs_results` (`tabs_result_id`, `tabs_event_id`, `tabs_cat_id`, `tabs_cri_id`, `tabs_user_id`, `tabs_can_id`, `tabs_result_score`, `tabs_result_created`, `tabs_result_updated`) VALUES
(55, 3, 9, 11, 9, 1, 9.3, '2022-09-02 14:21:20', '2022-09-02 14:21:20'),
(56, 3, 9, 11, 9, 2, 9.7, '2022-09-02 14:21:49', '2022-09-02 14:21:49'),
(57, 3, 9, 11, 9, 5, 9.1, '2022-09-02 14:25:35', '2022-09-02 14:25:35'),
(58, 3, 9, 11, 9, 6, 9.1, '2022-09-02 14:25:49', '2022-09-02 14:25:49'),
(59, 3, 9, 11, 9, 7, 9.2, '2022-09-02 14:25:59', '2022-09-02 14:25:59'),
(60, 3, 9, 11, 9, 8, 8.9, '2022-09-02 14:26:16', '2022-09-02 14:26:16'),
(61, 3, 9, 11, 9, 9, 8.9, '2022-09-02 14:26:30', '2022-09-02 14:26:30'),
(62, 3, 9, 11, 9, 10, 8.9, '2022-09-02 14:26:47', '2022-09-02 14:26:47'),
(63, 3, 9, 11, 14, 1, 8.9, '2022-09-02 14:27:40', '2022-09-02 14:27:40'),
(64, 3, 9, 11, 15, 1, 8.25, '2022-09-02 14:27:59', '2022-09-02 14:27:59'),
(65, 3, 9, 11, 9, 11, 9.2, '2022-09-02 14:28:11', '2022-09-02 14:28:11'),
(66, 3, 9, 11, 13, 1, 9.3, '2022-09-02 14:28:13', '2022-09-02 14:28:13'),
(67, 3, 9, 11, 9, 12, 9.4, '2022-09-02 14:28:20', '2022-09-02 14:28:20'),
(68, 3, 9, 11, 15, 2, 8.13, '2022-09-02 14:29:01', '2022-09-02 14:29:01'),
(69, 3, 9, 11, 15, 5, 8.01, '2022-09-02 14:29:06', '2022-09-02 14:29:06'),
(70, 3, 9, 11, 15, 6, 7.86, '2022-09-02 14:29:25', '2022-09-02 14:29:25'),
(71, 3, 9, 11, 15, 7, 7.65, '2022-09-02 14:29:30', '2022-09-02 14:29:30'),
(72, 3, 9, 11, 15, 8, 7.74, '2022-09-02 14:29:40', '2022-09-02 14:29:40'),
(73, 3, 9, 11, 15, 9, 7.89, '2022-09-02 14:29:46', '2022-09-02 14:29:46'),
(74, 3, 9, 11, 13, 2, 9.1, '2022-09-02 14:29:56', '2022-09-02 14:29:56'),
(75, 3, 9, 11, 21, 1, 6.69, '2022-09-02 14:29:58', '2022-09-02 14:29:58'),
(76, 3, 9, 11, 13, 5, 9.1, '2022-09-02 14:30:05', '2022-09-02 14:30:05'),
(77, 3, 9, 11, 14, 2, 8.3, '2022-09-02 14:30:12', '2022-09-02 14:30:12'),
(78, 3, 9, 11, 13, 6, 8.9, '2022-09-02 14:30:15', '2022-09-02 14:30:15'),
(79, 3, 9, 11, 14, 5, 8.5, '2022-09-02 14:30:20', '2022-09-02 14:30:20'),
(80, 3, 9, 11, 13, 7, 8.3, '2022-09-02 14:30:24', '2022-09-02 14:30:24'),
(81, 3, 9, 11, 21, 2, 6.63, '2022-09-02 14:30:25', '2022-09-02 14:30:25'),
(82, 3, 9, 11, 14, 6, 8.2, '2022-09-02 14:30:25', '2022-09-02 14:30:25'),
(83, 3, 9, 11, 14, 7, 8, '2022-09-02 14:30:30', '2022-09-02 14:30:30'),
(84, 3, 9, 11, 9, 13, 9, '2022-09-02 14:30:30', '2022-09-02 14:30:30'),
(85, 3, 9, 11, 14, 8, 8.1, '2022-09-02 14:30:33', '2022-09-02 14:30:33'),
(86, 3, 9, 11, 13, 8, 8.8, '2022-09-02 14:30:34', '2022-09-02 14:30:34'),
(87, 3, 9, 11, 21, 5, 6.58, '2022-09-02 14:30:34', '2022-09-02 14:30:34'),
(88, 3, 9, 11, 15, 10, 7.41, '2022-09-02 14:30:36', '2022-09-02 14:30:36'),
(89, 3, 9, 11, 14, 9, 8.3, '2022-09-02 14:30:37', '2022-09-02 14:30:37'),
(90, 3, 9, 11, 9, 14, 9.5, '2022-09-02 14:30:40', '2022-09-02 14:30:40'),
(91, 3, 9, 11, 21, 6, 6.5, '2022-09-02 14:30:41', '2022-09-02 14:30:41'),
(92, 3, 9, 11, 14, 10, 7.5, '2022-09-02 14:30:41', '2022-09-02 14:30:41'),
(93, 3, 9, 11, 13, 9, 9.1, '2022-09-02 14:30:43', '2022-09-02 14:30:43'),
(94, 3, 9, 11, 15, 11, 7.62, '2022-09-02 14:30:44', '2022-09-02 14:30:44'),
(95, 3, 9, 11, 14, 11, 7.8, '2022-09-02 14:30:45', '2022-09-02 14:30:45'),
(96, 3, 9, 11, 21, 7, 6.51, '2022-09-02 14:30:46', '2022-09-02 14:30:46'),
(97, 3, 9, 11, 9, 15, 9.4, '2022-09-02 14:30:48', '2022-09-02 14:30:48'),
(98, 3, 9, 11, 14, 12, 9, '2022-09-02 14:30:48', '2022-09-02 14:30:48'),
(99, 3, 9, 11, 14, 13, 7, '2022-09-02 14:30:52', '2022-09-02 14:30:52'),
(100, 3, 9, 11, 9, 16, 9.2, '2022-09-02 14:30:52', '2022-09-02 14:30:52'),
(101, 3, 9, 11, 21, 8, 6.56, '2022-09-02 14:30:56', '2022-09-02 14:30:56'),
(102, 3, 9, 11, 14, 14, 8.8, '2022-09-02 14:30:57', '2022-09-02 14:30:57'),
(103, 3, 9, 11, 15, 12, 8.34, '2022-09-02 14:30:58', '2022-09-02 14:30:58'),
(104, 3, 9, 11, 14, 15, 8.1, '2022-09-02 14:31:00', '2022-09-02 14:31:00'),
(105, 3, 9, 11, 9, 17, 9, '2022-09-02 14:31:02', '2022-09-02 14:31:02'),
(106, 3, 9, 11, 14, 16, 8.25, '2022-09-02 14:31:04', '2022-09-02 14:31:04'),
(107, 3, 9, 11, 21, 9, 6.46, '2022-09-02 14:31:04', '2022-09-02 14:31:04'),
(108, 3, 9, 11, 15, 13, 7.38, '2022-09-02 14:31:05', '2022-09-02 14:31:05'),
(109, 3, 9, 11, 13, 10, 8.3, '2022-09-02 14:31:06', '2022-09-02 14:31:06'),
(110, 3, 9, 11, 9, 18, 8.7, '2022-09-02 14:31:08', '2022-09-02 14:31:08'),
(111, 3, 9, 11, 14, 17, 7.4, '2022-09-02 14:31:08', '2022-09-02 14:31:08'),
(112, 3, 9, 11, 14, 18, 7.88, '2022-09-02 14:31:12', '2022-09-02 14:31:12'),
(113, 3, 9, 11, 13, 11, 8.4, '2022-09-02 14:31:15', '2022-09-02 14:31:15'),
(114, 3, 9, 11, 14, 24, 8.19, '2022-09-02 14:31:29', '2022-09-02 14:31:29'),
(115, 3, 9, 11, 14, 25, 8.15, '2022-09-02 14:31:33', '2022-09-02 14:31:33'),
(116, 3, 9, 11, 14, 19, 8.13, '2022-09-02 14:31:36', '2022-09-02 14:31:36'),
(117, 3, 9, 11, 9, 24, 9.1, '2022-09-02 14:31:48', '2022-09-02 14:31:48'),
(118, 3, 9, 11, 13, 12, 9.4, '2022-09-02 14:32:01', '2022-09-02 14:32:01'),
(119, 3, 9, 11, 14, 20, 8.05, '2022-09-02 14:32:12', '2022-09-02 14:32:12'),
(120, 3, 9, 11, 13, 13, 8.6, '2022-09-02 14:32:14', '2022-09-02 14:32:14'),
(121, 3, 9, 11, 9, 25, 9.2, '2022-09-02 14:32:16', '2022-09-02 14:32:16'),
(122, 3, 9, 11, 14, 21, 8.09, '2022-09-02 14:32:16', '2022-09-02 14:32:16'),
(123, 3, 9, 11, 9, 19, 9, '2022-09-02 14:32:21', '2022-09-02 14:32:21'),
(124, 3, 9, 11, 13, 14, 8.4, '2022-09-02 14:32:27', '2022-09-02 14:32:27'),
(125, 3, 9, 11, 9, 20, 8.9, '2022-09-02 14:32:36', '2022-09-02 14:32:36'),
(126, 3, 9, 11, 13, 15, 8.9, '2022-09-02 14:32:38', '2022-09-02 14:32:38'),
(127, 3, 9, 11, 13, 16, 8.6, '2022-09-02 14:32:46', '2022-09-02 14:32:46'),
(128, 3, 9, 11, 9, 21, 9.3, '2022-09-02 14:32:47', '2022-09-02 14:32:47'),
(129, 3, 9, 11, 13, 17, 8.7, '2022-09-02 14:32:57', '2022-09-02 14:32:57'),
(130, 3, 9, 11, 9, 22, 9.5, '2022-09-02 14:33:00', '2022-09-02 14:33:00'),
(131, 3, 9, 11, 13, 18, 8.3, '2022-09-02 14:33:05', '2022-09-02 14:33:05'),
(132, 3, 9, 11, 13, 24, 8.4, '2022-09-02 14:33:14', '2022-09-02 14:33:14'),
(133, 3, 9, 11, 9, 23, 9.6, '2022-09-02 14:33:20', '2022-09-02 14:33:20'),
(134, 3, 9, 11, 13, 25, 8.5, '2022-09-02 14:33:23', '2022-09-02 14:33:23'),
(135, 3, 9, 11, 9, 26, 9.3, '2022-09-02 14:33:27', '2022-09-02 14:33:27'),
(136, 3, 9, 11, 13, 19, 8.8, '2022-09-02 14:33:31', '2022-09-02 14:33:31'),
(137, 3, 9, 11, 9, 27, 9, '2022-09-02 14:33:32', '2022-09-02 14:33:32'),
(138, 3, 9, 11, 9, 28, 9.5, '2022-09-02 14:33:38', '2022-09-02 14:33:38'),
(139, 3, 9, 11, 13, 20, 8.4, '2022-09-02 14:33:39', '2022-09-02 14:33:39'),
(140, 3, 9, 11, 15, 14, 8.01, '2022-09-02 14:33:43', '2022-09-02 14:33:43'),
(141, 3, 9, 11, 15, 15, 7.92, '2022-09-02 14:33:49', '2022-09-02 14:33:49'),
(142, 3, 5, 7, 21, 1, 6.91, '2022-09-02 14:33:53', '2022-09-02 14:33:53'),
(143, 3, 9, 11, 15, 16, 7.82, '2022-09-02 14:33:53', '2022-09-02 14:33:53'),
(144, 3, 9, 11, 15, 17, 7.53, '2022-09-02 14:33:58', '2022-09-02 14:33:58'),
(145, 3, 9, 11, 13, 21, 8.8, '2022-09-02 14:33:59', '2022-09-02 14:33:59'),
(146, 3, 9, 11, 15, 18, 7.46, '2022-09-02 14:34:07', '2022-09-02 14:34:07'),
(147, 3, 9, 11, 13, 22, 8.6, '2022-09-02 14:34:09', '2022-09-02 14:34:09'),
(148, 3, 5, 7, 21, 2, 9.8, '2022-09-02 14:34:09', '2022-09-02 14:34:09'),
(149, 3, 9, 11, 15, 24, 7.71, '2022-09-02 14:34:15', '2022-09-02 14:34:15'),
(150, 3, 9, 11, 13, 23, 9.5, '2022-09-02 14:34:19', '2022-09-02 14:34:19'),
(151, 3, 5, 7, 21, 5, 6.9, '2022-09-02 14:34:23', '2022-09-02 14:34:23'),
(152, 3, 9, 11, 15, 25, 7.76, '2022-09-02 14:34:26', '2022-09-02 14:34:26'),
(153, 3, 9, 11, 13, 26, 9.3, '2022-09-02 14:34:28', '2022-09-02 14:34:28'),
(154, 3, 5, 7, 21, 6, 9.8, '2022-09-02 14:34:39', '2022-09-02 14:34:39'),
(155, 3, 9, 11, 13, 27, 9.1, '2022-09-02 14:34:41', '2022-09-02 14:34:41'),
(156, 3, 9, 11, 13, 28, 9.4, '2022-09-02 14:34:50', '2022-09-02 14:34:50'),
(157, 3, 5, 7, 21, 7, 6.2, '2022-09-02 14:34:56', '2022-09-02 14:34:56'),
(158, 3, 5, 7, 21, 8, 6.8, '2022-09-02 14:35:26', '2022-09-02 14:35:26'),
(159, 3, 5, 7, 21, 9, 9.2, '2022-09-02 14:35:38', '2022-09-02 14:35:38'),
(160, 3, 9, 11, 15, 19, 7.78, '2022-09-02 14:35:44', '2022-09-02 14:35:44'),
(161, 3, 5, 7, 21, 10, 6.96, '2022-09-02 14:35:46', '2022-09-02 14:35:46'),
(162, 3, 9, 11, 15, 20, 7.61, '2022-09-02 14:36:09', '2022-09-02 14:36:09'),
(163, 3, 9, 11, 15, 21, 7.86, '2022-09-02 14:36:16', '2022-09-02 14:36:16'),
(164, 3, 5, 7, 13, 1, 6.3, '2022-09-02 14:37:07', '2022-09-02 14:37:07'),
(165, 3, 5, 7, 13, 2, 8.12, '2022-09-02 14:37:19', '2022-09-02 14:37:19'),
(166, 3, 5, 7, 9, 1, 8.6, '2022-09-02 14:37:24', '2022-09-03 11:51:11'),
(167, 3, 5, 7, 13, 5, 6.91, '2022-09-02 14:37:33', '2022-09-02 14:37:33'),
(168, 3, 5, 7, 9, 2, 6.55, '2022-09-02 14:37:37', '2022-09-02 14:37:37'),
(169, 3, 5, 7, 21, 11, 6.14, '2022-09-02 14:37:40', '2022-09-02 14:37:40'),
(170, 3, 5, 7, 21, 12, 7.16, '2022-09-02 14:37:48', '2022-09-02 14:37:48'),
(171, 3, 9, 11, 14, 22, 8.3, '2022-09-02 14:37:54', '2022-09-02 14:37:54'),
(172, 3, 5, 7, 9, 5, 8.17, '2022-09-02 14:37:55', '2022-09-02 14:37:55'),
(173, 3, 5, 7, 13, 6, 6.92, '2022-09-02 14:37:56', '2022-09-02 14:37:56'),
(174, 3, 5, 7, 21, 13, 8.18, '2022-09-02 14:37:58', '2022-09-02 14:37:58'),
(175, 3, 5, 7, 13, 7, 7.36, '2022-09-02 14:38:07', '2022-09-02 14:38:07'),
(176, 3, 5, 7, 21, 14, 9.89, '2022-09-02 14:38:08', '2022-09-02 14:38:08'),
(177, 3, 9, 11, 14, 23, 8.6, '2022-09-02 14:38:11', '2022-09-02 14:38:11'),
(178, 3, 5, 7, 21, 15, 8.27, '2022-09-02 14:38:19', '2022-09-02 14:38:19'),
(179, 3, 9, 11, 14, 26, 8.4, '2022-09-02 14:38:21', '2022-09-02 14:38:21'),
(180, 3, 5, 7, 21, 16, 9.79, '2022-09-02 14:38:25', '2022-09-02 14:38:25'),
(181, 3, 5, 7, 13, 8, 9.81, '2022-09-02 14:38:32', '2022-09-02 14:38:32'),
(182, 3, 9, 11, 14, 27, 8.5, '2022-09-02 14:38:39', '2022-09-02 14:38:39'),
(183, 3, 5, 7, 13, 9, 6.76, '2022-09-02 14:38:45', '2022-09-02 14:38:45'),
(184, 3, 9, 11, 14, 28, 8.7, '2022-09-02 14:38:45', '2022-09-02 14:38:45'),
(185, 3, 5, 7, 21, 17, 7.97, '2022-09-02 14:38:47', '2022-09-02 14:38:47'),
(186, 3, 5, 7, 9, 6, 5.93, '2022-09-02 14:38:52', '2022-09-02 14:38:52'),
(187, 3, 5, 7, 13, 10, 8.6, '2022-09-02 14:38:56', '2022-09-02 14:38:56'),
(188, 3, 5, 7, 21, 18, 5.41, '2022-09-02 14:39:00', '2022-09-02 14:39:00'),
(189, 3, 5, 7, 9, 7, 6.1, '2022-09-02 14:39:02', '2022-09-02 14:39:02'),
(190, 3, 5, 7, 21, 24, 7.7, '2022-09-02 14:39:09', '2022-09-02 14:39:09'),
(191, 3, 5, 7, 9, 8, 5.76, '2022-09-02 14:39:11', '2022-09-02 14:39:11'),
(192, 3, 5, 7, 21, 25, 8.34, '2022-09-02 14:39:25', '2022-09-02 14:39:25'),
(193, 3, 5, 7, 13, 12, 9.35, '2022-09-02 14:39:28', '2022-09-02 14:39:28'),
(194, 3, 5, 7, 21, 19, 9.67, '2022-09-02 14:39:34', '2022-09-02 14:39:34'),
(195, 3, 5, 7, 13, 13, 6.78, '2022-09-02 14:39:39', '2022-09-02 14:39:39'),
(196, 3, 5, 7, 9, 9, 9.04, '2022-09-02 14:39:44', '2022-09-02 14:39:44'),
(197, 3, 5, 7, 21, 20, 7.06, '2022-09-02 14:39:45', '2022-09-02 14:39:45'),
(198, 3, 5, 7, 9, 10, 8.6, '2022-09-02 14:39:51', '2022-09-02 14:39:51'),
(199, 3, 5, 7, 9, 11, 6.45, '2022-09-02 14:39:57', '2022-09-02 14:39:57'),
(200, 3, 5, 7, 13, 14, 7.31, '2022-09-02 14:39:58', '2022-09-02 14:39:58'),
(201, 3, 5, 7, 9, 12, 7.03, '2022-09-02 14:40:05', '2022-09-02 14:40:05'),
(202, 3, 5, 7, 21, 21, 5.55, '2022-09-02 14:40:06', '2022-09-02 14:40:06'),
(203, 3, 5, 7, 13, 15, 5.74, '2022-09-02 14:40:09', '2022-09-02 14:40:09'),
(204, 3, 5, 7, 9, 13, 5.44, '2022-09-02 14:40:12', '2022-09-02 14:40:12'),
(205, 3, 5, 7, 21, 22, 6.08, '2022-09-02 14:40:17', '2022-09-02 14:40:17'),
(206, 3, 5, 7, 9, 14, 9, '2022-09-02 14:40:19', '2022-09-03 11:51:56'),
(207, 3, 5, 7, 13, 16, 9.69, '2022-09-02 14:40:21', '2022-09-02 14:40:21'),
(208, 3, 5, 7, 9, 15, 8.65, '2022-09-02 14:40:27', '2022-09-02 14:40:27'),
(209, 3, 5, 7, 21, 23, 5.21, '2022-09-02 14:40:28', '2022-09-02 14:40:28'),
(210, 3, 5, 7, 13, 17, 6.61, '2022-09-02 14:40:31', '2022-09-02 14:40:31'),
(211, 3, 5, 7, 9, 16, 9.71, '2022-09-02 14:40:37', '2022-09-02 14:40:37'),
(212, 3, 5, 7, 21, 26, 8.17, '2022-09-02 14:40:39', '2022-09-02 14:40:39'),
(213, 3, 5, 7, 9, 17, 5.18, '2022-09-02 14:40:43', '2022-09-02 14:40:43'),
(214, 3, 5, 7, 13, 18, 9.03, '2022-09-02 14:40:45', '2022-09-02 14:40:45'),
(215, 3, 5, 7, 9, 18, 5.73, '2022-09-02 14:40:48', '2022-09-02 14:40:48'),
(216, 3, 5, 7, 13, 24, 9.73, '2022-09-02 14:40:57', '2022-09-02 14:40:57'),
(217, 3, 5, 7, 9, 24, 6.37, '2022-09-02 14:40:59', '2022-09-02 14:40:59'),
(218, 3, 5, 7, 21, 27, 8.17, '2022-09-02 14:41:12', '2022-09-02 14:41:12'),
(219, 3, 5, 7, 21, 28, 8.17, '2022-09-02 14:41:24', '2022-09-02 14:41:24'),
(220, 3, 5, 7, 9, 25, 6.78, '2022-09-02 14:41:26', '2022-09-02 14:41:26'),
(221, 3, 5, 7, 9, 19, 6.99, '2022-09-02 14:41:34', '2022-09-02 14:41:34'),
(222, 3, 5, 7, 13, 25, 9.32, '2022-09-02 14:41:35', '2022-09-02 14:41:35'),
(223, 3, 9, 11, 15, 22, 7.92, '2022-09-02 14:41:41', '2022-09-02 14:41:41'),
(224, 3, 5, 7, 9, 20, 7.39, '2022-09-02 14:41:44', '2022-09-02 14:41:44'),
(225, 3, 5, 7, 13, 19, 8.04, '2022-09-02 14:41:45', '2022-09-02 14:41:45'),
(226, 3, 5, 7, 9, 21, 8.36, '2022-09-02 14:41:49', '2022-09-02 14:41:49'),
(227, 3, 9, 11, 15, 23, 8.31, '2022-09-02 14:41:50', '2022-09-02 14:41:50'),
(228, 3, 5, 7, 13, 20, 7.01, '2022-09-02 14:41:55', '2022-09-02 14:41:55'),
(229, 3, 5, 7, 9, 22, 5.22, '2022-09-02 14:41:57', '2022-09-02 14:41:57'),
(230, 3, 9, 11, 15, 26, 8.1, '2022-09-02 14:41:57', '2022-09-02 14:41:57'),
(231, 3, 5, 7, 9, 23, 8.21, '2022-09-02 14:42:00', '2022-09-02 14:42:00'),
(232, 3, 5, 7, 13, 21, 6.49, '2022-09-02 14:42:02', '2022-09-02 14:42:02'),
(233, 3, 9, 11, 15, 27, 7.98, '2022-09-02 14:42:08', '2022-09-02 14:42:08'),
(234, 3, 5, 7, 9, 26, 8.57, '2022-09-02 14:42:10', '2022-09-02 14:42:10'),
(235, 3, 9, 11, 15, 28, 8.28, '2022-09-02 14:42:15', '2022-09-02 14:42:15'),
(236, 3, 5, 7, 9, 27, 7.26, '2022-09-02 14:42:16', '2022-09-02 14:42:16'),
(237, 3, 5, 7, 9, 28, 5.54, '2022-09-02 14:42:21', '2022-09-02 14:42:21'),
(238, 3, 5, 7, 13, 22, 5.67, '2022-09-02 14:42:31', '2022-09-02 14:42:31'),
(239, 3, 5, 7, 13, 23, 8.93, '2022-09-02 14:42:43', '2022-09-02 14:42:43'),
(240, 3, 6, 9, 21, 1, 8.53, '2022-09-02 14:42:47', '2022-09-02 14:42:47'),
(241, 3, 5, 7, 13, 26, 7.1, '2022-09-02 14:42:52', '2022-09-02 14:42:52'),
(242, 3, 5, 7, 14, 1, 6.66, '2022-09-02 14:42:54', '2022-09-02 14:42:54'),
(243, 3, 6, 9, 21, 2, 7.77, '2022-09-02 14:42:54', '2022-09-02 14:42:54'),
(244, 3, 6, 9, 9, 1, 6.08, '2022-09-02 14:42:55', '2022-09-02 14:42:55'),
(245, 3, 5, 7, 14, 2, 6.94, '2022-09-02 14:42:59', '2022-09-02 14:42:59'),
(246, 3, 6, 9, 9, 2, 9.72, '2022-09-02 14:43:02', '2022-09-02 14:43:02'),
(247, 3, 6, 9, 21, 5, 7.84, '2022-09-02 14:43:03', '2022-09-02 14:43:03'),
(248, 3, 5, 7, 13, 27, 9.24, '2022-09-02 14:43:04', '2022-09-02 14:43:04'),
(249, 3, 5, 7, 14, 5, 8.88, '2022-09-02 14:43:05', '2022-09-02 14:43:05'),
(250, 3, 6, 9, 9, 5, 7.43, '2022-09-02 14:43:07', '2022-09-02 14:43:07'),
(251, 3, 6, 9, 21, 6, 6.75, '2022-09-02 14:43:13', '2022-09-02 14:43:13'),
(252, 3, 5, 7, 13, 28, 7.9, '2022-09-02 14:43:13', '2022-09-02 14:43:13'),
(253, 3, 5, 7, 14, 7, 6.86, '2022-09-02 14:43:16', '2022-09-02 14:43:16'),
(254, 3, 6, 9, 9, 6, 5, '2022-09-02 14:43:20', '2022-09-02 14:43:20'),
(255, 3, 6, 9, 21, 7, 8.62, '2022-09-02 14:43:23', '2022-09-02 14:43:23'),
(256, 3, 6, 9, 9, 7, 7.19, '2022-09-02 14:43:24', '2022-09-02 14:43:24'),
(257, 3, 5, 7, 14, 6, 9.43, '2022-09-02 14:43:27', '2022-09-02 14:43:27'),
(258, 3, 6, 9, 9, 8, 8.28, '2022-09-02 14:43:29', '2022-09-02 14:43:29'),
(259, 3, 5, 7, 13, 11, 9.7, '2022-09-02 14:43:34', '2022-09-02 14:43:34'),
(260, 3, 5, 7, 14, 8, 9.96, '2022-09-02 14:43:35', '2022-09-02 14:43:35'),
(261, 3, 6, 9, 9, 9, 7.98, '2022-09-02 14:43:39', '2022-09-02 14:43:39'),
(262, 3, 6, 9, 21, 8, 7.43, '2022-09-02 14:43:39', '2022-09-02 14:43:39'),
(263, 3, 5, 7, 14, 9, 8.6, '2022-09-02 14:43:45', '2022-09-02 14:43:45'),
(264, 3, 6, 9, 9, 10, 6.71, '2022-09-02 14:43:47', '2022-09-02 14:43:47'),
(265, 3, 6, 9, 21, 9, 7.03, '2022-09-02 14:43:51', '2022-09-02 14:43:51'),
(266, 3, 6, 9, 9, 11, 9.4, '2022-09-02 14:43:53', '2022-09-02 14:43:53'),
(267, 3, 6, 9, 9, 12, 6.96, '2022-09-02 14:44:00', '2022-09-02 14:44:00'),
(268, 3, 5, 7, 14, 10, 7.86, '2022-09-02 14:44:03', '2022-09-02 14:44:03'),
(269, 3, 6, 9, 9, 13, 9.96, '2022-09-02 14:44:08', '2022-09-02 14:44:08'),
(270, 3, 6, 9, 13, 1, 9.4, '2022-09-02 14:44:12', '2022-09-02 14:44:12'),
(271, 3, 5, 7, 14, 11, 5.48, '2022-09-02 14:44:13', '2022-09-02 14:44:13'),
(272, 3, 6, 9, 9, 14, 7.63, '2022-09-02 14:44:15', '2022-09-02 14:44:15'),
(273, 3, 5, 7, 15, 1, 9.47, '2022-09-02 14:44:19', '2022-09-02 14:44:19'),
(274, 3, 5, 7, 14, 12, 8.69, '2022-09-02 14:44:22', '2022-09-02 14:44:22'),
(275, 3, 6, 9, 13, 2, 5.45, '2022-09-02 14:44:23', '2022-09-02 14:44:23'),
(276, 3, 6, 9, 9, 15, 7.84, '2022-09-02 14:44:26', '2022-09-02 14:44:26'),
(277, 3, 5, 7, 15, 2, 8.09, '2022-09-02 14:44:26', '2022-09-02 14:44:26'),
(278, 3, 6, 9, 21, 10, 6.03, '2022-09-02 14:44:26', '2022-09-02 14:44:26'),
(279, 3, 6, 9, 9, 16, 6.17, '2022-09-02 14:44:32', '2022-09-02 14:44:32'),
(280, 3, 5, 7, 15, 5, 6.54, '2022-09-02 14:44:32', '2022-09-02 14:44:32'),
(281, 3, 5, 7, 14, 13, 7.68, '2022-09-02 14:44:33', '2022-09-02 14:44:33'),
(282, 3, 6, 9, 21, 11, 7.71, '2022-09-02 14:44:34', '2022-09-02 14:44:34'),
(283, 3, 6, 9, 13, 5, 6.26, '2022-09-02 14:44:35', '2022-09-02 14:44:35'),
(284, 3, 6, 9, 9, 17, 5.36, '2022-09-02 14:44:37', '2022-09-02 14:44:37'),
(285, 3, 5, 7, 15, 6, 8.12, '2022-09-02 14:44:39', '2022-09-02 14:44:39'),
(286, 3, 6, 9, 21, 12, 8.19, '2022-09-02 14:44:41', '2022-09-02 14:44:41'),
(287, 3, 6, 9, 9, 18, 8.33, '2022-09-02 14:44:41', '2022-09-02 14:44:41'),
(288, 3, 5, 7, 15, 7, 5.33, '2022-09-02 14:44:45', '2022-09-02 14:44:45'),
(289, 3, 5, 7, 14, 14, 8.69, '2022-09-02 14:44:46', '2022-09-02 14:44:46'),
(290, 3, 6, 9, 21, 13, 7.13, '2022-09-02 14:44:49', '2022-09-02 14:44:49'),
(291, 3, 6, 9, 9, 24, 8.88, '2022-09-02 14:44:49', '2022-09-02 14:44:49'),
(292, 3, 6, 9, 13, 6, 8.06, '2022-09-02 14:44:51', '2022-09-02 14:44:51'),
(293, 3, 5, 7, 14, 15, 8.99, '2022-09-02 14:44:55', '2022-09-02 14:44:55'),
(294, 3, 6, 9, 9, 25, 7.79, '2022-09-02 14:44:56', '2022-09-02 14:44:56'),
(295, 3, 5, 7, 15, 8, 8.56, '2022-09-02 14:44:56', '2022-09-02 14:44:56'),
(296, 3, 6, 9, 21, 14, 6.31, '2022-09-02 14:44:57', '2022-09-02 14:44:57'),
(297, 3, 5, 7, 14, 16, 5.34, '2022-09-02 14:45:01', '2022-09-02 14:45:01'),
(298, 3, 6, 9, 21, 15, 9.81, '2022-09-02 14:45:02', '2022-09-02 14:45:02'),
(299, 3, 5, 7, 14, 17, 7.8, '2022-09-02 14:45:07', '2022-09-02 14:45:07'),
(300, 3, 6, 9, 9, 19, 7.83, '2022-09-02 14:45:09', '2022-09-02 14:45:09'),
(301, 3, 6, 9, 21, 16, 9.84, '2022-09-02 14:45:12', '2022-09-02 14:45:12'),
(302, 3, 5, 7, 14, 18, 6.37, '2022-09-02 14:45:13', '2022-09-02 14:45:13'),
(303, 3, 6, 9, 9, 20, 8.65, '2022-09-02 14:45:17', '2022-09-02 14:45:17'),
(304, 3, 6, 9, 9, 21, 7.56, '2022-09-02 14:45:21', '2022-09-02 14:45:21'),
(305, 3, 6, 9, 21, 17, 8.51, '2022-09-02 14:45:22', '2022-09-02 14:45:22'),
(306, 3, 6, 9, 9, 22, 5.21, '2022-09-02 14:45:27', '2022-09-02 14:45:27'),
(307, 3, 6, 9, 13, 7, 6.09, '2022-09-02 14:45:31', '2022-09-02 14:45:31'),
(308, 3, 5, 7, 14, 24, 6.51, '2022-09-02 14:45:35', '2022-09-02 14:45:35'),
(309, 3, 6, 9, 13, 8, 7.47, '2022-09-02 14:45:46', '2022-09-02 14:45:46'),
(310, 3, 5, 7, 14, 25, 5.49, '2022-09-02 14:45:47', '2022-09-02 14:45:47'),
(311, 3, 6, 9, 21, 18, 5.43, '2022-09-02 14:45:52', '2022-09-02 14:45:52'),
(312, 3, 6, 9, 21, 24, 7.01, '2022-09-02 14:46:00', '2022-09-02 14:46:00'),
(313, 3, 6, 9, 9, 23, 9.09, '2022-09-02 14:46:01', '2022-09-02 14:46:01'),
(314, 3, 6, 9, 13, 9, 9.57, '2022-09-02 14:46:03', '2022-09-02 14:46:03'),
(315, 3, 5, 7, 14, 19, 8.65, '2022-09-02 14:46:05', '2022-09-02 14:46:05'),
(316, 3, 6, 9, 9, 26, 8.95, '2022-09-02 14:46:06', '2022-09-02 14:46:06'),
(317, 3, 6, 9, 21, 25, 7.22, '2022-09-02 14:46:06', '2022-09-02 14:46:06'),
(318, 3, 6, 9, 9, 27, 8.97, '2022-09-02 14:46:10', '2022-09-02 14:46:10'),
(319, 3, 5, 7, 14, 20, 9.73, '2022-09-02 14:46:11', '2022-09-02 14:46:11'),
(320, 3, 6, 9, 21, 19, 7.58, '2022-09-02 14:46:13', '2022-09-02 14:46:13'),
(321, 3, 6, 9, 9, 28, 9.1, '2022-09-02 14:46:14', '2022-09-02 14:46:14'),
(322, 3, 6, 9, 13, 10, 9.23, '2022-09-02 14:46:22', '2022-09-02 14:46:22'),
(323, 3, 5, 7, 14, 21, 6.32, '2022-09-02 14:46:23', '2022-09-02 14:46:23'),
(324, 3, 6, 9, 21, 20, 6.06, '2022-09-02 14:46:23', '2022-09-02 14:46:23'),
(325, 3, 6, 9, 21, 21, 9.27, '2022-09-02 14:46:30', '2022-09-02 14:46:30'),
(326, 3, 5, 7, 14, 22, 9.29, '2022-09-02 14:46:31', '2022-09-02 14:46:31'),
(327, 3, 5, 7, 14, 23, 8.49, '2022-09-02 14:46:38', '2022-09-02 14:46:38'),
(328, 3, 6, 9, 13, 11, 8.78, '2022-09-02 14:46:41', '2022-09-02 14:46:41'),
(329, 3, 6, 9, 21, 22, 8.69, '2022-09-02 14:46:43', '2022-09-02 14:46:43'),
(330, 3, 6, 9, 21, 23, 7.56, '2022-09-02 14:46:50', '2022-09-02 14:46:50'),
(331, 3, 6, 9, 13, 12, 7.31, '2022-09-02 14:46:50', '2022-09-02 14:46:50'),
(332, 3, 6, 9, 13, 13, 7.33, '2022-09-02 14:47:00', '2022-09-02 14:47:00'),
(333, 3, 7, 8, 9, 1, 8.78, '2022-09-02 14:47:02', '2022-09-02 14:47:02'),
(334, 3, 6, 9, 13, 14, 7.79, '2022-09-02 14:47:10', '2022-09-02 14:47:10'),
(335, 3, 7, 8, 9, 2, 8.7, '2022-09-02 14:47:14', '2022-09-02 14:47:14'),
(336, 3, 6, 9, 13, 15, 9.29, '2022-09-02 14:47:20', '2022-09-02 14:47:20'),
(337, 3, 7, 8, 9, 5, 9.88, '2022-09-02 14:47:21', '2022-09-02 14:47:21'),
(338, 3, 7, 8, 9, 6, 7.32, '2022-09-02 14:47:26', '2022-09-02 14:47:26'),
(339, 3, 7, 8, 9, 7, 8.18, '2022-09-02 14:47:30', '2022-09-02 14:47:30'),
(340, 3, 6, 9, 13, 16, 5.68, '2022-09-02 14:47:33', '2022-09-02 14:47:33'),
(341, 3, 7, 8, 9, 8, 9.06, '2022-09-02 14:47:36', '2022-09-02 14:47:36'),
(342, 3, 7, 8, 9, 9, 9.78, '2022-09-02 14:47:39', '2022-09-02 14:47:39'),
(343, 3, 6, 9, 13, 17, 9.55, '2022-09-02 14:47:41', '2022-09-02 14:47:41'),
(344, 3, 7, 8, 9, 10, 9.15, '2022-09-02 14:47:43', '2022-09-02 14:47:43'),
(345, 3, 7, 8, 9, 11, 6.55, '2022-09-02 14:47:48', '2022-09-02 14:47:48'),
(346, 3, 7, 8, 9, 12, 9.23, '2022-09-02 14:47:53', '2022-09-02 14:47:53'),
(347, 3, 6, 9, 13, 18, 7.48, '2022-09-02 14:47:54', '2022-09-02 14:47:54'),
(348, 3, 7, 8, 9, 13, 5.09, '2022-09-02 14:47:56', '2022-09-02 14:47:56'),
(349, 3, 7, 8, 9, 14, 6.36, '2022-09-02 14:47:59', '2022-09-02 14:47:59'),
(350, 3, 6, 9, 13, 24, 8, '2022-09-02 14:48:05', '2022-09-02 14:48:05'),
(351, 3, 6, 9, 13, 25, 6.65, '2022-09-02 14:48:15', '2022-09-02 14:48:15'),
(352, 3, 7, 8, 9, 15, 8.64, '2022-09-02 14:48:25', '2022-09-02 14:48:25'),
(353, 3, 6, 9, 13, 19, 7.36, '2022-09-02 14:48:34', '2022-09-02 14:48:34'),
(354, 3, 7, 8, 9, 16, 9.18, '2022-09-02 14:48:35', '2022-09-02 14:48:35'),
(355, 3, 7, 8, 9, 17, 6.97, '2022-09-02 14:48:38', '2022-09-02 14:48:38'),
(356, 3, 6, 9, 13, 20, 5.3, '2022-09-02 14:48:42', '2022-09-02 14:48:42'),
(357, 3, 6, 9, 21, 26, 9.86, '2022-09-02 14:48:46', '2022-09-02 14:48:46'),
(358, 3, 6, 9, 13, 21, 5.76, '2022-09-02 14:48:52', '2022-09-02 14:48:52'),
(359, 3, 6, 9, 21, 27, 7.55, '2022-09-02 14:48:54', '2022-09-02 14:48:54'),
(360, 3, 7, 8, 9, 18, 6.63, '2022-09-02 14:48:57', '2022-09-02 14:48:57'),
(361, 3, 6, 9, 21, 28, 6.82, '2022-09-02 14:49:01', '2022-09-02 14:49:01'),
(362, 3, 6, 9, 13, 22, 9.75, '2022-09-02 14:49:02', '2022-09-02 14:49:02'),
(363, 3, 7, 8, 9, 24, 5.62, '2022-09-02 14:49:09', '2022-09-02 14:49:09'),
(364, 3, 6, 9, 13, 23, 6.87, '2022-09-02 14:49:15', '2022-09-02 14:49:15'),
(365, 3, 7, 8, 9, 25, 7.68, '2022-09-02 14:49:21', '2022-09-02 14:49:21'),
(366, 3, 6, 9, 13, 26, 8.97, '2022-09-02 14:49:25', '2022-09-02 14:49:25'),
(367, 3, 7, 8, 9, 19, 9.65, '2022-09-02 14:49:27', '2022-09-02 14:49:27'),
(368, 3, 7, 8, 9, 20, 7.64, '2022-09-02 14:49:33', '2022-09-02 14:49:33'),
(369, 3, 6, 9, 13, 27, 6.85, '2022-09-02 14:49:38', '2022-09-02 14:49:38'),
(370, 3, 7, 8, 9, 21, 9.2, '2022-09-02 14:49:38', '2022-09-02 14:49:38'),
(371, 3, 7, 8, 9, 22, 8.63, '2022-09-02 14:49:46', '2022-09-02 14:49:46'),
(372, 3, 6, 9, 13, 28, 8.57, '2022-09-02 14:49:48', '2022-09-02 14:49:48'),
(373, 3, 7, 8, 9, 23, 8.24, '2022-09-02 14:49:50', '2022-09-02 14:49:50'),
(374, 3, 7, 8, 9, 26, 9.57, '2022-09-02 14:49:57', '2022-09-02 14:49:57'),
(375, 3, 7, 8, 9, 27, 5.36, '2022-09-02 14:50:01', '2022-09-02 14:50:01'),
(376, 3, 7, 8, 9, 28, 7.29, '2022-09-02 14:50:06', '2022-09-02 14:50:06'),
(377, 3, 7, 8, 13, 1, 7.2, '2022-09-02 14:50:13', '2022-09-02 14:50:13'),
(378, 3, 7, 8, 13, 2, 6.54, '2022-09-02 14:50:24', '2022-09-02 14:50:24'),
(379, 3, 7, 8, 13, 5, 7.47, '2022-09-02 14:50:46', '2022-09-02 14:50:46'),
(380, 3, 8, 10, 9, 1, 6.74, '2022-09-02 14:50:53', '2022-09-02 14:50:53'),
(381, 3, 7, 8, 21, 1, 9.65, '2022-09-02 14:50:54', '2022-09-02 14:50:54'),
(382, 3, 7, 8, 13, 6, 9.46, '2022-09-02 14:50:55', '2022-09-02 14:50:55'),
(383, 3, 8, 10, 9, 2, 7.98, '2022-09-02 14:50:57', '2022-09-02 14:50:57'),
(384, 3, 7, 8, 21, 2, 8.47, '2022-09-02 14:51:00', '2022-09-02 14:51:00'),
(385, 3, 7, 8, 21, 5, 7.42, '2022-09-02 14:51:06', '2022-09-02 14:51:06'),
(386, 3, 7, 8, 13, 7, 6.07, '2022-09-02 14:51:12', '2022-09-02 14:51:12'),
(387, 3, 7, 8, 21, 6, 7.79, '2022-09-02 14:51:15', '2022-09-02 14:51:15'),
(388, 3, 7, 8, 21, 7, 7.58, '2022-09-02 14:51:21', '2022-09-02 14:51:21'),
(389, 3, 7, 8, 13, 8, 9.62, '2022-09-02 14:51:23', '2022-09-02 14:51:23'),
(390, 3, 7, 8, 21, 8, 5.11, '2022-09-02 14:51:26', '2022-09-02 14:51:26'),
(391, 3, 8, 10, 9, 5, 9.21, '2022-09-02 14:51:27', '2022-09-02 14:51:27'),
(392, 3, 8, 10, 9, 6, 9.36, '2022-09-02 14:51:33', '2022-09-02 14:51:33'),
(393, 3, 7, 8, 21, 9, 9.32, '2022-09-02 14:51:34', '2022-09-02 14:51:34'),
(394, 3, 8, 10, 9, 7, 6.27, '2022-09-02 14:51:37', '2022-09-02 14:51:37'),
(395, 3, 8, 10, 9, 8, 7.27, '2022-09-02 14:51:40', '2022-09-02 14:51:40'),
(396, 3, 7, 8, 13, 9, 5.24, '2022-09-02 14:51:42', '2022-09-02 14:51:42'),
(397, 3, 7, 8, 21, 10, 9.27, '2022-09-02 14:51:43', '2022-09-02 14:51:43'),
(398, 3, 8, 10, 9, 10, 6.18, '2022-09-02 14:51:48', '2022-09-02 14:51:48'),
(399, 3, 5, 7, 15, 9, 9.33, '2022-09-02 14:51:49', '2022-09-02 14:51:49'),
(400, 3, 7, 8, 21, 11, 6.05, '2022-09-02 14:51:50', '2022-09-02 14:51:50'),
(401, 3, 8, 10, 9, 11, 9.58, '2022-09-02 14:51:52', '2022-09-02 14:51:52'),
(402, 3, 8, 10, 9, 12, 6.77, '2022-09-02 14:51:55', '2022-09-02 14:51:55'),
(403, 3, 7, 8, 13, 10, 7.26, '2022-09-02 14:51:57', '2022-09-02 14:51:57'),
(404, 3, 5, 7, 15, 10, 8.04, '2022-09-02 14:51:57', '2022-09-02 14:51:57'),
(405, 3, 8, 10, 9, 13, 7.59, '2022-09-02 14:51:58', '2022-09-02 14:51:58'),
(406, 3, 7, 8, 21, 12, 6.46, '2022-09-02 14:52:00', '2022-09-02 14:52:00'),
(407, 3, 5, 7, 15, 11, 6.81, '2022-09-02 14:52:05', '2022-09-02 14:52:05'),
(408, 3, 7, 8, 13, 11, 8.89, '2022-09-02 14:52:07', '2022-09-02 14:52:07'),
(409, 3, 7, 8, 21, 13, 9.39, '2022-09-02 14:52:08', '2022-09-02 14:52:08'),
(410, 3, 5, 7, 15, 12, 6.47, '2022-09-02 14:52:13', '2022-09-02 14:52:13'),
(411, 3, 7, 8, 13, 12, 6.57, '2022-09-02 14:52:16', '2022-09-02 14:52:16'),
(412, 3, 5, 7, 15, 13, 8.01, '2022-09-02 14:52:18', '2022-09-02 14:52:18'),
(413, 3, 7, 8, 21, 14, 6.94, '2022-09-02 14:52:21', '2022-09-02 14:52:21'),
(414, 3, 5, 7, 15, 14, 6.45, '2022-09-02 14:52:23', '2022-09-02 14:52:23'),
(415, 3, 7, 8, 13, 13, 9.61, '2022-09-02 14:52:25', '2022-09-02 14:52:25'),
(416, 3, 7, 8, 21, 15, 6.61, '2022-09-02 14:52:27', '2022-09-02 14:52:27'),
(417, 3, 5, 7, 15, 15, 8.96, '2022-09-02 14:52:32', '2022-09-02 14:52:32'),
(418, 3, 7, 8, 13, 14, 9.42, '2022-09-02 14:52:37', '2022-09-02 14:52:37'),
(419, 3, 5, 7, 15, 16, 6.74, '2022-09-02 14:52:38', '2022-09-02 14:52:38'),
(420, 3, 7, 8, 21, 16, 6.03, '2022-09-02 14:52:40', '2022-09-02 14:52:40'),
(421, 3, 5, 7, 15, 17, 6.98, '2022-09-02 14:52:45', '2022-09-02 14:52:45'),
(422, 3, 8, 10, 9, 14, 8.15, '2022-09-02 14:52:46', '2022-09-02 14:52:46'),
(423, 3, 7, 8, 21, 17, 8.58, '2022-09-02 14:52:47', '2022-09-02 14:52:47'),
(424, 3, 7, 8, 13, 15, 9.6, '2022-09-02 14:52:48', '2022-09-02 14:52:48'),
(425, 3, 8, 10, 9, 15, 9.57, '2022-09-02 14:52:51', '2022-09-02 14:52:51'),
(426, 3, 5, 7, 15, 18, 6.17, '2022-09-02 14:52:51', '2022-09-02 14:52:51'),
(427, 3, 8, 10, 9, 16, 9.92, '2022-09-02 14:52:56', '2022-09-02 14:52:56'),
(428, 3, 7, 8, 21, 18, 6.67, '2022-09-02 14:52:56', '2022-09-02 14:52:56'),
(429, 3, 7, 8, 13, 16, 8.16, '2022-09-02 14:52:56', '2022-09-02 14:52:56'),
(430, 3, 5, 7, 15, 24, 8.26, '2022-09-02 14:52:57', '2022-09-02 14:52:57'),
(431, 3, 8, 10, 9, 17, 9.08, '2022-09-02 14:53:01', '2022-09-02 14:53:01'),
(432, 3, 7, 8, 21, 24, 9.05, '2022-09-02 14:53:03', '2022-09-02 14:53:03'),
(433, 3, 5, 7, 15, 25, 7.11, '2022-09-02 14:53:04', '2022-09-02 14:53:04'),
(434, 3, 7, 8, 13, 17, 5.56, '2022-09-02 14:53:07', '2022-09-02 14:53:07'),
(435, 3, 8, 10, 9, 18, 9.9, '2022-09-02 14:53:07', '2022-09-02 14:53:07'),
(436, 3, 5, 7, 15, 19, 6.08, '2022-09-02 14:53:08', '2022-09-02 14:53:08'),
(437, 3, 5, 7, 15, 20, 6.2, '2022-09-02 14:53:13', '2022-09-02 14:53:13'),
(438, 3, 8, 10, 9, 24, 5.07, '2022-09-02 14:53:17', '2022-09-02 14:53:17'),
(439, 3, 7, 8, 13, 18, 6.71, '2022-09-02 14:53:19', '2022-09-02 14:53:19'),
(440, 3, 5, 7, 15, 21, 5.79, '2022-09-02 14:53:20', '2022-09-02 14:53:20'),
(441, 3, 8, 10, 9, 25, 6.88, '2022-09-02 14:53:21', '2022-09-02 14:53:21'),
(442, 3, 7, 8, 21, 25, 7.85, '2022-09-02 14:53:22', '2022-09-02 14:53:22'),
(443, 3, 5, 7, 15, 22, 5.44, '2022-09-02 14:53:25', '2022-09-02 14:53:25'),
(444, 3, 7, 8, 13, 24, 9.99, '2022-09-02 14:53:30', '2022-09-02 14:53:30'),
(445, 3, 7, 8, 21, 19, 8.74, '2022-09-02 14:53:31', '2022-09-02 14:53:31'),
(446, 3, 5, 7, 15, 23, 7.06, '2022-09-02 14:53:35', '2022-09-02 14:53:35'),
(447, 3, 8, 10, 9, 19, 5.8, '2022-09-02 14:53:36', '2022-09-02 14:53:36'),
(448, 3, 7, 8, 21, 20, 5.55, '2022-09-02 14:53:39', '2022-09-02 14:53:39'),
(449, 3, 5, 7, 15, 26, 7.09, '2022-09-02 14:53:41', '2022-09-02 14:53:41'),
(450, 3, 7, 8, 13, 25, 8.37, '2022-09-02 14:53:42', '2022-09-02 14:53:42'),
(451, 3, 7, 8, 21, 21, 8.17, '2022-09-02 14:53:45', '2022-09-02 14:53:45'),
(452, 3, 8, 10, 9, 20, 6.11, '2022-09-02 14:53:47', '2022-09-02 14:53:47'),
(453, 3, 8, 10, 9, 21, 7, '2022-09-02 14:53:49', '2022-09-02 14:53:49'),
(454, 3, 7, 8, 21, 22, 8.31, '2022-09-02 14:53:50', '2022-09-02 14:53:50'),
(455, 3, 7, 8, 13, 19, 6.77, '2022-09-02 14:53:52', '2022-09-02 14:53:52'),
(456, 3, 8, 10, 9, 22, 9.77, '2022-09-02 14:53:53', '2022-09-02 14:53:53'),
(457, 3, 5, 7, 15, 28, 6.86, '2022-09-02 14:53:54', '2022-09-02 14:53:54'),
(458, 3, 8, 10, 9, 23, 7.98, '2022-09-02 14:53:57', '2022-09-02 14:53:57'),
(459, 3, 7, 8, 21, 23, 7.15, '2022-09-02 14:53:57', '2022-09-02 14:53:57'),
(460, 3, 7, 8, 13, 20, 7.86, '2022-09-02 14:54:01', '2022-09-02 14:54:01'),
(461, 3, 7, 8, 21, 26, 9.19, '2022-09-02 14:54:02', '2022-09-02 14:54:02'),
(462, 3, 8, 10, 9, 26, 5.71, '2022-09-02 14:54:02', '2022-09-02 14:54:02'),
(463, 3, 8, 10, 9, 27, 9.45, '2022-09-02 14:54:06', '2022-09-02 14:54:06'),
(464, 3, 5, 7, 15, 27, 9.52, '2022-09-02 14:54:08', '2022-09-02 14:54:08'),
(465, 3, 7, 8, 21, 27, 8.26, '2022-09-02 14:54:09', '2022-09-02 14:54:09'),
(466, 3, 8, 10, 9, 28, 9.28, '2022-09-02 14:54:09', '2022-09-02 14:54:09'),
(467, 3, 7, 8, 21, 28, 8.85, '2022-09-02 14:54:16', '2022-09-02 14:54:16'),
(468, 3, 7, 8, 13, 21, 7.18, '2022-09-02 14:54:16', '2022-09-02 14:54:16'),
(469, 3, 8, 10, 9, 9, 8.22, '2022-09-02 14:54:20', '2022-09-02 14:54:20'),
(470, 3, 7, 8, 13, 22, 8.26, '2022-09-02 14:54:28', '2022-09-02 14:54:28'),
(471, 3, 7, 8, 13, 23, 8.29, '2022-09-02 14:54:38', '2022-09-02 14:54:38'),
(472, 3, 7, 8, 13, 26, 8.53, '2022-09-02 14:54:53', '2022-09-02 14:54:53'),
(473, 3, 7, 8, 13, 27, 7.31, '2022-09-02 14:55:01', '2022-09-02 14:55:01'),
(474, 3, 7, 8, 13, 28, 10, '2022-09-02 14:55:09', '2022-09-02 14:55:09'),
(475, 3, 8, 10, 21, 1, 8.98, '2022-09-02 14:55:24', '2022-09-02 14:55:24'),
(476, 3, 8, 10, 21, 2, 6.6, '2022-09-02 14:55:31', '2022-09-02 14:55:31'),
(477, 3, 8, 10, 21, 5, 7.39, '2022-09-02 14:55:37', '2022-09-02 14:55:37'),
(478, 3, 8, 10, 13, 1, 5.87, '2022-09-02 14:55:41', '2022-09-02 14:55:41'),
(479, 3, 8, 10, 21, 6, 9.35, '2022-09-02 14:55:45', '2022-09-02 14:55:45'),
(480, 3, 8, 10, 13, 2, 5.83, '2022-09-02 14:55:51', '2022-09-02 14:55:51'),
(481, 3, 8, 10, 21, 7, 6.22, '2022-09-02 14:55:53', '2022-09-02 14:55:53'),
(482, 3, 8, 10, 21, 8, 8.22, '2022-09-02 14:55:58', '2022-09-02 14:55:58'),
(483, 3, 8, 10, 13, 5, 6.7, '2022-09-02 14:55:59', '2022-09-02 14:55:59'),
(484, 3, 8, 10, 21, 9, 5.44, '2022-09-02 14:56:05', '2022-09-02 14:56:05'),
(485, 3, 8, 10, 13, 6, 7.46, '2022-09-02 14:56:07', '2022-09-02 14:56:07'),
(486, 3, 8, 10, 21, 10, 5.64, '2022-09-02 14:56:14', '2022-09-02 14:56:14'),
(487, 3, 8, 10, 13, 7, 5.31, '2022-09-02 14:56:14', '2022-09-02 14:56:14'),
(488, 3, 8, 10, 21, 11, 5.22, '2022-09-02 14:56:22', '2022-09-02 14:56:22'),
(489, 3, 8, 10, 13, 8, 6.7, '2022-09-02 14:56:25', '2022-09-02 14:56:25'),
(490, 3, 8, 10, 21, 12, 8.59, '2022-09-02 14:56:29', '2022-09-02 14:56:29'),
(491, 3, 8, 10, 21, 13, 8.29, '2022-09-02 14:56:34', '2022-09-02 14:56:34'),
(492, 3, 8, 10, 13, 9, 7.27, '2022-09-02 14:56:37', '2022-09-02 14:56:37'),
(493, 3, 8, 10, 21, 14, 5.22, '2022-09-02 14:56:38', '2022-09-02 14:56:38'),
(494, 3, 5, 7, 14, 26, 9.7, '2022-09-02 14:56:42', '2022-09-02 14:56:42'),
(495, 3, 8, 10, 13, 10, 9.11, '2022-09-02 14:56:45', '2022-09-02 14:56:45'),
(496, 3, 8, 10, 21, 15, 9.65, '2022-09-02 14:56:47', '2022-09-02 14:56:47'),
(497, 3, 5, 7, 14, 27, 5.82, '2022-09-02 14:56:49', '2022-09-02 14:56:49'),
(498, 3, 8, 10, 13, 11, 8.65, '2022-09-02 14:56:54', '2022-09-02 14:56:54'),
(499, 3, 8, 10, 21, 16, 7.91, '2022-09-02 14:56:57', '2022-09-02 14:56:57'),
(500, 3, 5, 7, 14, 28, 8.81, '2022-09-02 14:56:59', '2022-09-02 14:56:59'),
(501, 3, 6, 9, 15, 1, 8.61, '2022-09-02 14:57:00', '2022-09-02 14:57:00'),
(502, 3, 8, 10, 13, 12, 9.23, '2022-09-02 14:57:10', '2022-09-02 14:57:10'),
(503, 3, 8, 10, 21, 17, 6.42, '2022-09-02 14:57:10', '2022-09-02 14:57:10'),
(504, 3, 6, 9, 15, 2, 7.32, '2022-09-02 14:57:11', '2022-09-02 14:57:11'),
(505, 3, 6, 9, 15, 5, 9.84, '2022-09-02 14:57:16', '2022-09-02 14:57:16'),
(506, 3, 8, 10, 13, 13, 9.48, '2022-09-02 14:57:21', '2022-09-02 14:57:21'),
(507, 3, 8, 10, 21, 18, 6.55, '2022-09-02 14:57:23', '2022-09-02 14:57:23'),
(508, 3, 8, 10, 21, 24, 7.53, '2022-09-02 14:57:29', '2022-09-02 14:57:29'),
(509, 3, 8, 10, 13, 14, 5.68, '2022-09-02 14:57:31', '2022-09-02 14:57:31'),
(510, 3, 6, 9, 14, 1, 7.67, '2022-09-02 14:57:32', '2022-09-02 14:57:32'),
(511, 3, 6, 9, 15, 6, 5.96, '2022-09-02 14:57:34', '2022-09-02 14:57:34'),
(512, 3, 8, 10, 21, 25, 5.61, '2022-09-02 14:57:37', '2022-09-02 14:57:37'),
(513, 3, 6, 9, 14, 2, 6.03, '2022-09-02 14:57:40', '2022-09-02 14:57:40'),
(514, 3, 8, 10, 13, 15, 7.55, '2022-09-02 14:57:41', '2022-09-02 14:57:41'),
(515, 3, 6, 9, 14, 5, 6.94, '2022-09-02 14:57:47', '2022-09-02 14:57:47'),
(516, 3, 6, 9, 14, 6, 7.58, '2022-09-02 14:57:56', '2022-09-02 14:57:56'),
(517, 3, 8, 10, 21, 19, 5.75, '2022-09-02 14:57:57', '2022-09-02 14:57:57'),
(518, 3, 6, 9, 15, 7, 6.36, '2022-09-02 14:57:57', '2022-09-02 14:57:57'),
(519, 3, 8, 10, 13, 16, 8.57, '2022-09-02 14:58:02', '2022-09-02 14:58:02'),
(520, 3, 8, 10, 21, 20, 8.51, '2022-09-02 14:58:02', '2022-09-02 14:58:02'),
(521, 3, 6, 9, 14, 7, 7.96, '2022-09-02 14:58:02', '2022-09-02 14:58:02'),
(522, 3, 6, 9, 15, 8, 5.96, '2022-09-02 14:58:04', '2022-09-02 14:58:04'),
(523, 3, 6, 9, 14, 8, 8.18, '2022-09-02 14:58:10', '2022-09-02 14:58:10'),
(524, 3, 6, 9, 15, 9, 8.74, '2022-09-02 14:58:11', '2022-09-02 14:58:11'),
(525, 3, 8, 10, 13, 17, 5.26, '2022-09-02 14:58:11', '2022-09-02 14:58:11'),
(526, 3, 8, 10, 21, 21, 9.33, '2022-09-02 14:58:12', '2022-09-02 14:58:12'),
(527, 3, 6, 9, 14, 9, 9.66, '2022-09-02 14:58:16', '2022-09-02 14:58:16'),
(528, 3, 6, 9, 15, 10, 9.09, '2022-09-02 14:58:21', '2022-09-02 14:58:21'),
(529, 3, 6, 9, 14, 10, 9.48, '2022-09-02 14:58:22', '2022-09-02 14:58:22'),
(530, 3, 8, 10, 21, 22, 6.58, '2022-09-02 14:58:24', '2022-09-02 14:58:24'),
(531, 3, 6, 9, 14, 11, 5.09, '2022-09-02 14:58:29', '2022-09-02 14:58:29'),
(532, 3, 6, 9, 15, 11, 7.76, '2022-09-02 14:58:29', '2022-09-02 14:58:29'),
(533, 3, 8, 10, 21, 23, 6.58, '2022-09-02 14:58:35', '2022-09-02 14:58:35'),
(534, 3, 6, 9, 15, 12, 5.76, '2022-09-02 14:58:35', '2022-09-02 14:58:35'),
(535, 3, 6, 9, 14, 12, 6.97, '2022-09-02 14:58:36', '2022-09-02 14:58:36'),
(536, 3, 6, 9, 15, 13, 8.2, '2022-09-02 14:58:40', '2022-09-02 14:58:40'),
(537, 3, 8, 10, 21, 26, 5.62, '2022-09-02 14:58:43', '2022-09-02 14:58:43'),
(538, 3, 6, 9, 14, 13, 9.77, '2022-09-02 14:58:46', '2022-09-02 14:58:46'),
(539, 3, 8, 10, 21, 27, 9.86, '2022-09-02 14:58:52', '2022-09-02 14:58:52'),
(540, 3, 6, 9, 15, 14, 6.32, '2022-09-02 14:58:53', '2022-09-02 14:58:53'),
(541, 3, 6, 9, 14, 14, 8.09, '2022-09-02 14:58:53', '2022-09-02 14:58:53'),
(542, 3, 8, 10, 21, 28, 8.52, '2022-09-02 14:58:57', '2022-09-02 14:58:57'),
(543, 3, 6, 9, 15, 15, 7.4, '2022-09-02 14:58:59', '2022-09-02 14:58:59'),
(544, 3, 6, 9, 14, 15, 7.48, '2022-09-02 14:59:00', '2022-09-02 14:59:00'),
(545, 3, 8, 10, 13, 24, 8.55, '2022-09-02 14:59:03', '2022-09-02 14:59:03'),
(546, 3, 6, 9, 15, 16, 6.71, '2022-09-02 14:59:05', '2022-09-02 14:59:05'),
(547, 3, 6, 9, 14, 16, 5.06, '2022-09-02 14:59:07', '2022-09-02 14:59:07'),
(548, 3, 6, 9, 15, 17, 7.46, '2022-09-02 14:59:10', '2022-09-02 14:59:10'),
(549, 3, 6, 9, 14, 17, 5.5, '2022-09-02 14:59:13', '2022-09-02 14:59:13'),
(550, 3, 6, 9, 15, 18, 5.16, '2022-09-02 14:59:14', '2022-09-02 14:59:14'),
(551, 3, 6, 9, 14, 18, 7.16, '2022-09-02 14:59:20', '2022-09-02 14:59:20'),
(552, 3, 6, 9, 14, 24, 6.19, '2022-09-02 14:59:26', '2022-09-02 14:59:26'),
(553, 3, 6, 9, 15, 24, 5.33, '2022-09-02 14:59:30', '2022-09-02 14:59:30'),
(554, 3, 6, 9, 14, 25, 9.84, '2022-09-02 14:59:32', '2022-09-02 14:59:32'),
(555, 3, 6, 9, 14, 19, 5.37, '2022-09-02 14:59:39', '2022-09-02 14:59:39'),
(556, 3, 6, 9, 15, 25, 8.81, '2022-09-02 14:59:44', '2022-09-02 14:59:44'),
(557, 3, 6, 9, 14, 20, 7.24, '2022-09-02 14:59:45', '2022-09-02 14:59:45'),
(558, 3, 6, 9, 14, 21, 9.48, '2022-09-02 14:59:51', '2022-09-02 14:59:51'),
(559, 3, 6, 9, 15, 19, 9.43, '2022-09-02 14:59:51', '2022-09-02 14:59:51'),
(560, 3, 6, 9, 15, 20, 6.3, '2022-09-02 15:00:00', '2022-09-02 15:00:00'),
(561, 3, 6, 9, 14, 22, 7.22, '2022-09-02 15:00:04', '2022-09-02 15:00:04'),
(562, 3, 6, 9, 15, 21, 6.49, '2022-09-02 15:00:05', '2022-09-02 15:00:05'),
(563, 3, 6, 9, 14, 23, 5.19, '2022-09-02 15:00:10', '2022-09-02 15:00:10'),
(564, 3, 6, 9, 15, 22, 9.4, '2022-09-02 15:00:11', '2022-09-02 15:00:11'),
(565, 3, 6, 9, 15, 23, 5.55, '2022-09-02 15:00:16', '2022-09-02 15:00:16'),
(566, 3, 6, 9, 14, 26, 9.33, '2022-09-02 15:00:19', '2022-09-02 15:00:19'),
(567, 3, 6, 9, 15, 26, 5.66, '2022-09-02 15:00:23', '2022-09-02 15:00:23'),
(568, 3, 6, 9, 14, 27, 6.92, '2022-09-02 15:00:27', '2022-09-02 15:00:27'),
(569, 3, 6, 9, 15, 27, 8.28, '2022-09-02 15:00:28', '2022-09-02 15:00:28'),
(570, 3, 6, 9, 15, 28, 7.22, '2022-09-02 15:00:32', '2022-09-02 15:00:32'),
(571, 3, 6, 9, 14, 28, 6.6, '2022-09-02 15:00:39', '2022-09-02 15:00:39'),
(572, 3, 8, 10, 13, 18, 9.43, '2022-09-02 15:01:01', '2022-09-02 15:01:01'),
(573, 3, 7, 8, 15, 1, 5.54, '2022-09-02 15:01:18', '2022-09-02 15:01:18'),
(574, 3, 7, 8, 14, 1, 8.94, '2022-09-02 15:01:18', '2022-09-02 15:01:18'),
(575, 3, 7, 8, 14, 2, 7.92, '2022-09-02 15:01:26', '2022-09-02 15:01:26'),
(576, 3, 7, 8, 15, 2, 6.65, '2022-09-02 15:01:32', '2022-09-02 15:01:32'),
(577, 3, 7, 8, 14, 5, 5.67, '2022-09-02 15:01:34', '2022-09-02 15:01:34'),
(578, 3, 7, 8, 15, 5, 6.83, '2022-09-02 15:01:40', '2022-09-02 15:01:40'),
(579, 3, 7, 8, 14, 6, 5.81, '2022-09-02 15:01:40', '2022-09-02 15:01:40'),
(580, 3, 7, 8, 15, 6, 7.88, '2022-09-02 15:01:45', '2022-09-02 15:01:45'),
(581, 3, 7, 8, 14, 7, 6.96, '2022-09-02 15:01:51', '2022-09-02 15:01:51'),
(582, 3, 8, 10, 13, 25, 7.75, '2022-09-02 15:01:52', '2022-09-02 15:01:52'),
(583, 3, 7, 8, 15, 7, 9.91, '2022-09-02 15:01:53', '2022-09-02 15:01:53'),
(584, 3, 7, 8, 15, 8, 5.37, '2022-09-02 15:01:59', '2022-09-02 15:01:59'),
(585, 3, 8, 10, 13, 19, 6.71, '2022-09-02 15:02:02', '2022-09-02 15:02:02'),
(586, 3, 7, 8, 15, 9, 8.61, '2022-09-02 15:02:06', '2022-09-02 15:02:06'),
(587, 3, 7, 8, 14, 8, 7.85, '2022-09-02 15:02:14', '2022-09-02 15:02:14'),
(588, 3, 8, 10, 13, 20, 7.9, '2022-09-02 15:02:15', '2022-09-02 15:02:15'),
(589, 3, 7, 8, 15, 10, 5.43, '2022-09-02 15:02:19', '2022-09-02 15:02:19'),
(590, 3, 8, 10, 13, 21, 7.55, '2022-09-02 15:02:23', '2022-09-02 15:02:23'),
(591, 3, 7, 8, 15, 11, 9.32, '2022-09-02 15:02:25', '2022-09-02 15:02:25'),
(592, 3, 7, 8, 14, 9, 9.79, '2022-09-02 15:02:26', '2022-09-02 15:02:26'),
(593, 3, 7, 8, 15, 12, 6.51, '2022-09-02 15:02:30', '2022-09-02 15:02:30'),
(594, 3, 7, 8, 14, 10, 5.45, '2022-09-02 15:02:34', '2022-09-02 15:02:34'),
(595, 3, 8, 10, 13, 22, 8.93, '2022-09-02 15:02:35', '2022-09-02 15:02:35'),
(596, 3, 7, 8, 14, 11, 7.33, '2022-09-02 15:02:40', '2022-09-02 15:02:40'),
(597, 3, 7, 8, 15, 13, 9.5, '2022-09-02 15:02:43', '2022-09-02 15:02:43'),
(598, 3, 8, 10, 13, 23, 7.4, '2022-09-02 15:02:44', '2022-09-02 15:02:44'),
(599, 3, 7, 8, 15, 14, 5.66, '2022-09-02 15:02:48', '2022-09-02 15:02:48'),
(600, 3, 7, 8, 14, 12, 8.35, '2022-09-02 15:02:49', '2022-09-02 15:02:49'),
(601, 3, 8, 10, 13, 26, 8.85, '2022-09-02 15:02:52', '2022-09-02 15:02:52'),
(602, 3, 7, 8, 15, 15, 8.63, '2022-09-02 15:02:54', '2022-09-02 15:02:54'),
(603, 3, 7, 8, 14, 13, 7.84, '2022-09-02 15:02:56', '2022-09-02 15:02:56'),
(604, 3, 7, 8, 15, 16, 6.77, '2022-09-02 15:02:58', '2022-09-02 15:02:58'),
(605, 3, 8, 10, 13, 27, 6.66, '2022-09-02 15:02:59', '2022-09-02 15:02:59'),
(606, 3, 7, 8, 15, 17, 6.94, '2022-09-02 15:03:07', '2022-09-02 15:03:07'),
(607, 3, 7, 8, 14, 14, 6, '2022-09-02 15:03:07', '2022-09-02 15:03:07'),
(608, 3, 8, 10, 13, 28, 5.31, '2022-09-02 15:03:11', '2022-09-02 15:03:11'),
(609, 3, 7, 8, 15, 18, 5.1, '2022-09-02 15:03:14', '2022-09-02 15:03:14'),
(610, 3, 7, 8, 15, 24, 6.02, '2022-09-02 15:03:20', '2022-09-02 15:03:20'),
(611, 3, 7, 8, 14, 15, 6.1, '2022-09-02 15:03:25', '2022-09-02 15:03:25'),
(612, 3, 7, 8, 15, 25, 9.39, '2022-09-02 15:03:25', '2022-09-02 15:03:25'),
(613, 3, 7, 8, 15, 19, 8.84, '2022-09-02 15:03:29', '2022-09-02 15:03:29'),
(614, 3, 7, 8, 14, 16, 9.3, '2022-09-02 15:03:32', '2022-09-02 15:03:32'),
(615, 3, 7, 8, 15, 20, 5.22, '2022-09-02 15:03:38', '2022-09-02 15:03:38'),
(616, 3, 7, 8, 14, 17, 6.96, '2022-09-02 15:03:42', '2022-09-02 15:03:42'),
(617, 3, 7, 8, 15, 21, 8.13, '2022-09-02 15:03:44', '2022-09-02 15:03:44'),
(618, 3, 7, 8, 15, 22, 5.83, '2022-09-02 15:03:51', '2022-09-02 15:03:51'),
(619, 3, 7, 8, 14, 18, 9.9, '2022-09-02 15:03:54', '2022-09-02 15:03:54'),
(620, 3, 7, 8, 15, 23, 7.03, '2022-09-02 15:03:55', '2022-09-02 15:03:55'),
(621, 3, 7, 8, 14, 24, 6.99, '2022-09-02 15:04:00', '2022-09-02 15:04:00'),
(622, 3, 7, 8, 15, 26, 9.38, '2022-09-02 15:04:01', '2022-09-02 15:04:01'),
(623, 3, 7, 8, 15, 27, 7.21, '2022-09-02 15:04:05', '2022-09-02 15:04:05'),
(624, 3, 7, 8, 14, 25, 5.29, '2022-09-02 15:04:06', '2022-09-02 15:04:06'),
(625, 3, 7, 8, 15, 28, 7.37, '2022-09-02 15:04:12', '2022-09-02 15:04:12'),
(626, 3, 7, 8, 14, 19, 6.51, '2022-09-02 15:04:14', '2022-09-02 15:04:14'),
(627, 3, 7, 8, 14, 20, 9.78, '2022-09-02 15:04:23', '2022-09-02 15:04:23'),
(628, 3, 7, 8, 14, 21, 7.55, '2022-09-02 15:04:29', '2022-09-02 15:04:29'),
(629, 3, 7, 8, 14, 22, 8.8, '2022-09-02 15:04:35', '2022-09-02 15:04:35'),
(630, 3, 7, 8, 14, 23, 7.76, '2022-09-02 15:04:46', '2022-09-02 15:04:46'),
(631, 3, 7, 8, 14, 26, 9.99, '2022-09-02 15:04:52', '2022-09-02 15:04:52'),
(632, 3, 7, 8, 14, 27, 7.62, '2022-09-02 15:04:59', '2022-09-02 15:04:59'),
(633, 3, 7, 8, 14, 28, 9.25, '2022-09-02 15:05:12', '2022-09-02 15:05:12'),
(634, 3, 8, 10, 15, 1, 8.13, '2022-09-02 15:05:15', '2022-09-02 15:05:15'),
(635, 3, 8, 10, 15, 2, 5.86, '2022-09-02 15:05:23', '2022-09-02 15:05:23'),
(636, 3, 8, 10, 15, 5, 7.55, '2022-09-02 15:05:32', '2022-09-02 15:05:32'),
(637, 3, 8, 10, 15, 6, 8.24, '2022-09-02 15:05:38', '2022-09-02 15:05:38'),
(638, 3, 8, 10, 15, 7, 9.61, '2022-09-02 15:05:47', '2022-09-02 15:05:47'),
(639, 3, 8, 10, 15, 8, 5.34, '2022-09-02 15:06:00', '2022-09-02 15:06:00'),
(640, 3, 8, 10, 14, 1, 7.54, '2022-09-02 15:06:02', '2022-09-02 15:06:02'),
(641, 3, 8, 10, 14, 2, 6.8, '2022-09-02 15:06:09', '2022-09-02 15:06:09'),
(642, 3, 8, 10, 14, 5, 9.33, '2022-09-02 15:06:18', '2022-09-02 15:06:18'),
(643, 3, 8, 10, 14, 6, 7.18, '2022-09-02 15:06:24', '2022-09-02 15:06:24'),
(644, 3, 8, 10, 15, 9, 9.62, '2022-09-02 15:06:26', '2022-09-02 15:06:26'),
(645, 3, 8, 10, 15, 10, 6.84, '2022-09-02 15:06:32', '2022-09-02 15:06:32'),
(646, 3, 8, 10, 14, 7, 6.52, '2022-09-02 15:06:33', '2022-09-02 15:06:33'),
(647, 3, 8, 10, 15, 11, 6.03, '2022-09-02 15:06:39', '2022-09-02 15:06:39'),
(648, 3, 8, 10, 15, 12, 5.72, '2022-09-02 15:06:46', '2022-09-02 15:06:46'),
(649, 3, 8, 10, 14, 8, 8.68, '2022-09-02 15:06:47', '2022-09-02 15:06:47'),
(650, 3, 8, 10, 15, 13, 7.94, '2022-09-02 15:06:54', '2022-09-02 15:06:54'),
(651, 3, 8, 10, 15, 14, 8.47, '2022-09-02 15:07:00', '2022-09-02 15:07:00'),
(652, 3, 8, 10, 14, 9, 5.16, '2022-09-02 15:07:05', '2022-09-02 15:07:05'),
(653, 3, 8, 10, 15, 15, 9.28, '2022-09-02 15:07:08', '2022-09-02 15:07:08'),
(654, 3, 8, 10, 14, 10, 6.02, '2022-09-02 15:07:13', '2022-09-02 15:07:13'),
(655, 3, 8, 10, 14, 11, 9.3, '2022-09-02 15:07:20', '2022-09-02 15:07:20'),
(656, 3, 8, 10, 14, 12, 9.72, '2022-09-02 15:07:26', '2022-09-02 15:07:26'),
(657, 3, 8, 10, 15, 16, 9.19, '2022-09-02 15:07:34', '2022-09-02 15:07:34'),
(658, 3, 8, 10, 15, 17, 9.14, '2022-09-02 15:07:41', '2022-09-02 15:07:41'),
(659, 3, 8, 10, 15, 18, 6.14, '2022-09-02 15:07:48', '2022-09-02 15:07:48'),
(660, 3, 8, 10, 14, 13, 7.26, '2022-09-02 15:07:50', '2022-09-02 15:07:50'),
(661, 3, 8, 10, 15, 24, 5.27, '2022-09-02 15:07:55', '2022-09-02 15:07:55'),
(662, 3, 8, 10, 14, 14, 7.72, '2022-09-02 15:08:01', '2022-09-02 15:08:01'),
(663, 3, 8, 10, 15, 25, 5.28, '2022-09-02 15:08:06', '2022-09-02 15:08:06'),
(664, 3, 8, 10, 14, 15, 8.65, '2022-09-02 15:08:09', '2022-09-02 15:08:09'),
(665, 3, 8, 10, 15, 19, 6.78, '2022-09-02 15:08:13', '2022-09-02 15:08:13'),
(666, 3, 8, 10, 14, 16, 6.35, '2022-09-02 15:08:15', '2022-09-02 15:08:15'),
(667, 3, 8, 10, 15, 20, 8.64, '2022-09-02 15:08:20', '2022-09-02 15:08:20'),
(668, 3, 8, 10, 14, 17, 9.13, '2022-09-02 15:08:22', '2022-09-02 15:08:22'),
(669, 3, 8, 10, 15, 21, 7.26, '2022-09-02 15:08:27', '2022-09-02 15:08:27'),
(670, 3, 8, 10, 14, 18, 7.42, '2022-09-02 15:08:29', '2022-09-02 15:08:29'),
(671, 3, 8, 10, 15, 22, 8.35, '2022-09-02 15:08:34', '2022-09-02 15:08:34'),
(672, 3, 8, 10, 14, 24, 9.82, '2022-09-02 15:08:35', '2022-09-02 15:08:35'),
(673, 3, 8, 10, 14, 25, 9.25, '2022-09-02 15:08:41', '2022-09-02 15:08:41'),
(674, 3, 8, 10, 15, 23, 9.76, '2022-09-02 15:08:45', '2022-09-02 15:08:45'),
(675, 3, 8, 10, 14, 19, 5.64, '2022-09-02 15:08:51', '2022-09-02 15:08:51'),
(676, 3, 8, 10, 15, 26, 5.42, '2022-09-02 15:08:56', '2022-09-02 15:08:56'),
(677, 3, 8, 10, 14, 20, 7.05, '2022-09-02 15:08:57', '2022-09-02 15:08:57'),
(678, 3, 8, 10, 15, 27, 8.46, '2022-09-02 15:09:02', '2022-09-02 15:09:02'),
(679, 3, 8, 10, 14, 21, 7.96, '2022-09-02 15:09:04', '2022-09-02 15:09:04'),
(680, 3, 8, 10, 15, 28, 6.82, '2022-09-02 15:09:08', '2022-09-02 15:09:08'),
(681, 3, 8, 10, 14, 22, 5.88, '2022-09-02 15:09:11', '2022-09-02 15:09:11'),
(682, 3, 8, 10, 14, 23, 7.75, '2022-09-02 15:09:17', '2022-09-02 15:09:17'),
(683, 3, 8, 10, 14, 26, 5.9, '2022-09-02 15:09:24', '2022-09-02 15:09:24'),
(684, 3, 8, 10, 14, 27, 6.29, '2022-09-02 15:09:31', '2022-09-02 15:09:31'),
(685, 3, 8, 10, 14, 28, 8.48, '2022-09-02 15:09:39', '2022-09-02 15:09:39'),
(686, 3, 9, 11, 21, 10, 8.43, '2022-09-02 15:33:45', '2022-09-02 15:33:45'),
(687, 3, 9, 11, 21, 11, 8.24, '2022-09-02 15:33:48', '2022-09-02 15:33:48'),
(688, 3, 9, 11, 21, 12, 8.11, '2022-09-02 15:33:51', '2022-09-02 15:33:51'),
(689, 3, 9, 11, 21, 13, 7.93, '2022-09-02 15:33:54', '2022-09-02 15:33:54'),
(690, 3, 9, 11, 21, 14, 6.22, '2022-09-02 15:33:57', '2022-09-02 15:33:57'),
(691, 3, 9, 11, 21, 15, 6.38, '2022-09-02 15:34:02', '2022-09-02 15:34:02'),
(692, 3, 9, 11, 21, 16, 6.61, '2022-09-02 15:34:09', '2022-09-02 15:34:09'),
(693, 3, 9, 11, 21, 17, 6.58, '2022-09-02 15:34:11', '2022-09-02 15:34:11'),
(694, 3, 9, 11, 21, 18, 6.66, '2022-09-02 15:34:15', '2022-09-02 15:34:15'),
(695, 3, 9, 11, 21, 24, 6.9, '2022-09-02 15:34:19', '2022-09-02 15:34:19'),
(696, 3, 9, 11, 21, 25, 8.04, '2022-09-02 15:34:22', '2022-09-02 15:34:22'),
(697, 3, 9, 11, 21, 19, 6.84, '2022-09-02 15:34:25', '2022-09-02 15:34:25'),
(698, 3, 9, 11, 21, 20, 8.01, '2022-09-02 15:34:29', '2022-09-02 15:34:29'),
(699, 3, 9, 11, 21, 21, 8.22, '2022-09-02 15:34:34', '2022-09-02 15:34:34'),
(700, 3, 9, 11, 21, 22, 8.19, '2022-09-02 15:34:37', '2022-09-02 15:34:37'),
(701, 3, 9, 11, 21, 23, 6.8, '2022-09-02 15:34:41', '2022-09-02 15:34:41'),
(702, 3, 9, 11, 21, 26, 7.08, '2022-09-02 15:34:44', '2022-09-02 15:34:44'),
(703, 3, 9, 11, 21, 27, 6.85, '2022-09-02 15:34:49', '2022-09-02 15:34:49'),
(704, 3, 9, 11, 21, 28, 6.91, '2022-09-02 15:34:53', '2022-09-02 15:34:53');

-- --------------------------------------------------------

--
-- Table structure for table `tabs_users`
--

CREATE TABLE `tabs_users` (
  `tabs_user_id` int(10) NOT NULL,
  `tabs_user_code` varchar(30) NOT NULL,
  `tabs_full_name` varchar(255) NOT NULL,
  `tabs_username` varchar(50) NOT NULL,
  `tabs_password` varchar(100) NOT NULL,
  `tabs_user_type` int(5) NOT NULL,
  `tabs_user_status` int(1) NOT NULL,
  `tabs_user_profile_img` text NOT NULL,
  `tabs_event_id` int(11) NOT NULL,
  `tabs_user_created` datetime NOT NULL,
  `tabs_user_updated` datetime NOT NULL
) ENGINE=InnoDB DEFAULT CHARSET=latin1 ROW_FORMAT=COMPACT;

--
-- Dumping data for table `tabs_users`
--

INSERT INTO `tabs_users` (`tabs_user_id`, `tabs_user_code`, `tabs_full_name`, `tabs_username`, `tabs_password`, `tabs_user_type`, `tabs_user_status`, `tabs_user_profile_img`, `tabs_event_id`, `tabs_user_created`, `tabs_user_updated`) VALUES
(1, '0', 'devmaster', 'kjohn0319@gmail.com', 'gozElr3tOF4jED67gzd4r2smH2NWy83w+P89isjSSgM=', 0, 0, '', 0, '2022-08-04 00:00:00', '2022-08-04 00:00:00'),
(8, '20220804171234lPKZlLkU', 'joane may delima', 'joanemay', 'KYbhfSccmfgV6lsb1k23tk6Fz98VuKKfHX24W3k9F1Y=', 0, 0, '', 0, '2022-08-04 17:12:34', '2022-08-04 17:12:34'),
(9, '20220806004654pcNlHHeq', 'CRISTY C. EPE', 'judge1', 'KYbhfSccmfgV6lsb1k23tk6Fz98VuKKfHX24W3k9F1Y=', 1, 0, '', 3, '2022-08-06 00:46:54', '2022-09-01 10:07:35'),
(10, '20220831141717ITDhGPPj', 'lebron james', 'lebrons', 'As2CKbjBIK6Ll6wvk2RGYuFqk1xs0seZfmHSsIrZdwM=', 0, 0, '', 0, '2022-08-31 14:17:17', '2022-08-31 14:17:17'),
(13, '20220831162011g2C4Mqyy', 'FISCAL ELEANOR DELA PEÑA', 'judge2', 'KYbhfSccmfgV6lsb1k23tk6Fz98VuKKfHX24W3k9F1Y=', 1, 0, '', 3, '2022-08-31 16:20:11', '2022-09-01 10:02:46'),
(14, '20220901100320k7vRRjKW', 'NIKKI TAN', 'judge3', 'KYbhfSccmfgV6lsb1k23tk6Fz98VuKKfHX24W3k9F1Y=', 1, 0, '', 3, '2022-09-01 10:03:20', '2022-09-02 14:10:19'),
(15, '202209011004037LiiqoMT', 'KAISER BOADO', 'judge4', 'KYbhfSccmfgV6lsb1k23tk6Fz98VuKKfHX24W3k9F1Y=', 1, 0, '', 3, '2022-09-01 10:04:03', '2022-09-02 14:10:32'),
(16, '20220901100442QcNDrm9v', 'ATTY. IVY LURICA', 'Judge1', '+wtpVqRhAVCIac1BfSlXtDxydJDFmmsF5tgA+YoA2Ss=', 1, 0, '', 4, '2022-09-01 10:04:42', '2022-09-01 10:04:42'),
(17, '202209011005097EJTCFoB', 'DR. TITO ENDRINA', 'Judge2', 'yeX3voMFLW9XPAD8IBBNr3J0mTSMM8WBkUZrUTei/AY=', 1, 0, '', 4, '2022-09-01 10:05:09', '2022-09-01 10:05:09'),
(18, '20220901100526VLj0zyaM', 'DR. CLARENCE PILLERIN', 'Judge3', 'PovpT6w6wRZ6INjv54qFj6CCPLP6d8fp9s2KQz+qa3c=', 1, 0, '', 4, '2022-09-01 10:05:26', '2022-09-01 10:05:26'),
(19, '202209011005428GJa9KQG', 'ATTY. TRIZIA PAULINO', 'Judge4', 'FREarxe6YKInyiCPof7Q3gNpjNViVKViexZzqyTO/BY=', 1, 0, '', 4, '2022-09-01 10:05:42', '2022-09-01 10:05:42'),
(20, '20220901100559eYjaK92i', 'GERVASIO R. SALINAS, JR., PHD ', 'Judge5', 'mGgBCH2iJGYkBCt9s1zUPMfnxkaWEuEXxdkcSOrrAEI=', 1, 0, '', 4, '2022-09-01 10:05:59', '2022-09-01 10:05:59'),
(21, '20220902141127PZUeaBgN', 'FRITZ GONZALES', 'judge5', 'KYbhfSccmfgV6lsb1k23tk6Fz98VuKKfHX24W3k9F1Y=', 1, 0, '', 3, '2022-09-02 14:11:27', '2022-09-02 14:25:26');

--
-- Indexes for dumped tables
--

--
-- Indexes for table `tabs_candidates`
--
ALTER TABLE `tabs_candidates`
  ADD PRIMARY KEY (`tabs_can_id`);

--
-- Indexes for table `tabs_categories`
--
ALTER TABLE `tabs_categories`
  ADD PRIMARY KEY (`tabs_cat_id`);

--
-- Indexes for table `tabs_criterias`
--
ALTER TABLE `tabs_criterias`
  ADD PRIMARY KEY (`tabs_cri_id`);

--
-- Indexes for table `tabs_events`
--
ALTER TABLE `tabs_events`
  ADD PRIMARY KEY (`tabs_event_id`);

--
-- Indexes for table `tabs_my_project`
--
ALTER TABLE `tabs_my_project`
  ADD PRIMARY KEY (`tabs_project`);

--
-- Indexes for table `tabs_notification`
--
ALTER TABLE `tabs_notification`
  ADD PRIMARY KEY (`tabs_notif_id`);

--
-- Indexes for table `tabs_results`
--
ALTER TABLE `tabs_results`
  ADD PRIMARY KEY (`tabs_result_id`);

--
-- Indexes for table `tabs_users`
--
ALTER TABLE `tabs_users`
  ADD PRIMARY KEY (`tabs_user_id`);

--
-- AUTO_INCREMENT for dumped tables
--

--
-- AUTO_INCREMENT for table `tabs_candidates`
--
ALTER TABLE `tabs_candidates`
  MODIFY `tabs_can_id` int(11) NOT NULL AUTO_INCREMENT, AUTO_INCREMENT=29;

--
-- AUTO_INCREMENT for table `tabs_categories`
--
ALTER TABLE `tabs_categories`
  MODIFY `tabs_cat_id` int(11) NOT NULL AUTO_INCREMENT, AUTO_INCREMENT=11;

--
-- AUTO_INCREMENT for table `tabs_criterias`
--
ALTER TABLE `tabs_criterias`
  MODIFY `tabs_cri_id` int(11) NOT NULL AUTO_INCREMENT, AUTO_INCREMENT=14;

--
-- AUTO_INCREMENT for table `tabs_events`
--
ALTER TABLE `tabs_events`
  MODIFY `tabs_event_id` int(11) NOT NULL AUTO_INCREMENT, AUTO_INCREMENT=5;

--
-- AUTO_INCREMENT for table `tabs_my_project`
--
ALTER TABLE `tabs_my_project`
  MODIFY `tabs_project` int(1) NOT NULL AUTO_INCREMENT, AUTO_INCREMENT=2;

--
-- AUTO_INCREMENT for table `tabs_notification`
--
ALTER TABLE `tabs_notification`
  MODIFY `tabs_notif_id` int(100) NOT NULL AUTO_INCREMENT, AUTO_INCREMENT=145;

--
-- AUTO_INCREMENT for table `tabs_results`
--
ALTER TABLE `tabs_results`
  MODIFY `tabs_result_id` int(11) NOT NULL AUTO_INCREMENT, AUTO_INCREMENT=705;

--
-- AUTO_INCREMENT for table `tabs_users`
--
ALTER TABLE `tabs_users`
  MODIFY `tabs_user_id` int(10) NOT NULL AUTO_INCREMENT, AUTO_INCREMENT=22;
COMMIT;

/*!40101 SET CHARACTER_SET_CLIENT=@OLD_CHARACTER_SET_CLIENT */;
/*!40101 SET CHARACTER_SET_RESULTS=@OLD_CHARACTER_SET_RESULTS */;
/*!40101 SET COLLATION_CONNECTION=@OLD_COLLATION_CONNECTION */;
